{
  "swagger": "2.0",
  "schemes": [
    "http"
  ],
  "host": "cognito-identity.amazonaws.com",
  "basePath": "/",
  "x-hasEquivalentPaths": true,
  "info": {
    "contact": {
      "email": "mike.ralphson@gmail.com",
      "name": "Mike Ralphson",
      "url": "https://github.com/mermade/aws2openapi"
    },
    "description": "<fullname>Amazon Cognito</fullname> <p>Amazon Cognito is a web service that delivers scoped temporary credentials to mobile devices and other untrusted environments. Amazon Cognito uniquely identifies a device and supplies the user with a consistent identity over the lifetime of an application.</p> <p>Using Amazon Cognito, you can enable authentication with one or more third-party identity providers (Facebook, Google, or Login with Amazon), and you can also choose to support unauthenticated access from your app. Cognito delivers a unique identifier for each user and acts as an OpenID token provider trusted by AWS Security Token Service (STS) to access temporary, limited-privilege AWS credentials.</p> <p>To provide end-user credentials, first make an unsigned call to <a>GetId</a>. If the end user is authenticated with one of the supported identity providers, set the <code>Logins</code> map with the identity provider token. <code>GetId</code> returns a unique identifier for the user.</p> <p>Next, make an unsigned call to <a>GetCredentialsForIdentity</a>. This call expects the same <code>Logins</code> map as the <code>GetId</code> call, as well as the <code>IdentityID</code> originally returned by <code>GetId</code>. Assuming your identity pool has been configured via the <a>SetIdentityPoolRoles</a> operation, <code>GetCredentialsForIdentity</code> will return AWS credentials for your use. If your pool has not been configured with <code>SetIdentityPoolRoles</code>, or if you want to follow legacy flow, make an unsigned call to <a>GetOpenIdToken</a>, which returns the OpenID token necessary to call STS and retrieve AWS credentials. This call expects the same <code>Logins</code> map as the <code>GetId</code> call, as well as the <code>IdentityID</code> originally returned by <code>GetId</code>. The token returned by <code>GetOpenIdToken</code> can be passed to the STS operation <a href=\"http://docs.aws.amazon.com/STS/latest/APIReference/API_AssumeRoleWithWebIdentity.html\">AssumeRoleWithWebIdentity</a> to retrieve AWS credentials.</p> <p>If you want to use Amazon Cognito in an Android, iOS, or Unity application, you will probably want to make API calls via the AWS Mobile SDK. To learn more, see the <a href=\"http://docs.aws.amazon.com/mobile/index.html\">AWS Mobile SDK Developer Guide</a>.</p>",
    "license": {
      "name": "Apache 2.0 License",
      "url": "http://www.apache.org/licenses/"
    },
    "termsOfService": "https://aws.amazon.com/service-terms/",
    "title": "Amazon Cognito Identity",
    "version": "2014-06-30",
    "x-apiClientRegistration": {
      "url": "https://portal.aws.amazon.com/gp/aws/developer/registration/index.html?nc2=h_ct"
    },
    "x-apisguru-categories": [
      "cloud"
    ],
    "x-logo": {
      "backgroundColor": "#FFFFFF",
      "url": "https://api.apis.guru/v2/cache/logo/https_media.amazonwebservices.com_blog_2007_big_pbaws_logo_300px.jpg"
    },
    "x-origin": [
      {
        "contentType": "application/json",
        "converter": {
          "url": "https://github.com/mermade/aws2openapi",
          "version": "1.0.0"
        },
        "url": "https://raw.githubusercontent.com/aws/aws-sdk-js/master/apis/cognito-identity-2014-06-30.normal.json"
      },
      {
        "format": "swagger",
        "url": "https://raw.githubusercontent.com/mermade/openapi-definitions/master/aws/cognito-identity/2014-06-30/swagger.yaml",
        "version": "2.0",
        "x-apisguru-direct": true
      }
    ],
    "x-preferred": true,
    "x-providerName": "amazonaws.com",
    "x-release": "v4",
    "x-serviceName": "cognito-identity"
  },
  "externalDocs": {
    "description": "Amazon Web Services documentation",
    "url": "https://aws.amazon.com/cognito-identity/"
  },
  "consumes": [
    "application/json"
  ],
  "produces": [
    "application/json"
  ],
  "securityDefinitions": {
    "hmac": {
      "description": "Amazon Signature authorization v4",
      "in": "header",
      "name": "Authorization",
      "type": "apiKey",
      "x-amazon-apigateway-authtype": "awsSigv4"
    }
  },
  "security": [
    {
      "hmac": []
    }
  ],
  "parameters": {
    "Action": {
      "in": "header",
      "name": "Action",
      "required": true,
      "type": "string"
    },
    "Version": {
      "in": "header",
      "name": "Version",
      "required": true,
      "type": "string"
    },
    "X-Amz-Algorithm": {
      "in": "header",
      "name": "X-Amz-Algorithm",
      "required": false,
      "type": "string"
    },
    "X-Amz-Content-Sha256": {
      "in": "header",
      "name": "X-Amz-Content-Sha256",
      "required": false,
      "type": "string"
    },
    "X-Amz-Credential": {
      "in": "header",
      "name": "X-Amz-Credential",
      "required": false,
      "type": "string"
    },
    "X-Amz-Date": {
      "in": "header",
      "name": "X-Amz-Date",
      "required": false,
      "type": "string"
    },
    "X-Amz-Security-Token": {
      "in": "header",
      "name": "X-Amz-Security-Token",
      "required": false,
      "type": "string"
    },
    "X-Amz-Signature": {
      "in": "header",
      "name": "X-Amz-Signature",
      "required": false,
      "type": "string"
    },
    "X-Amz-SignedHeaders": {
      "in": "header",
      "name": "X-Amz-SignedHeaders",
      "required": false,
      "type": "string"
    }
  },
  "paths": {
    "/": {
      "parameters": [
        {
          "$ref": "#/parameters/Action"
        },
        {
          "$ref": "#/parameters/Version"
        },
        {
          "$ref": "#/parameters/X-Amz-Content-Sha256"
        },
        {
          "$ref": "#/parameters/X-Amz-Date"
        },
        {
          "$ref": "#/parameters/X-Amz-Algorithm"
        },
        {
          "$ref": "#/parameters/X-Amz-Credential"
        },
        {
          "$ref": "#/parameters/X-Amz-Security-Token"
        },
        {
          "$ref": "#/parameters/X-Amz-Signature"
        },
        {
          "$ref": "#/parameters/X-Amz-SignedHeaders"
        }
      ],
      "post": {
        "description": "<p>Creates a new identity pool. The identity pool is a store of user identity information that is specific to your AWS account. The limit on identity pools is 60 per account. The keys for <code>SupportedLoginProviders</code> are as follows:</p> <ul> <li> <p>Facebook: <code>graph.facebook.com</code> </p> </li> <li> <p>Google: <code>accounts.google.com</code> </p> </li> <li> <p>Amazon: <code>www.amazon.com</code> </p> </li> <li> <p>Twitter: <code>api.twitter.com</code> </p> </li> <li> <p>Digits: <code>www.digits.com</code> </p> </li> </ul> <p>You must use AWS Developer credentials to call this API.</p>",
        "operationId": "CreateIdentityPool",
        "parameters": [
          {
            "in": "body",
            "name": "body",
            "required": true,
            "schema": {
              "$ref": "#/definitions/CreateIdentityPoolInput"
            }
          }
        ],
        "responses": {
          "200": {
            "description": "Success",
            "schema": {
              "$ref": "#/definitions/IdentityPool"
            }
          },
          "480": {
            "description": "InvalidParameterException",
            "schema": {
              "$ref": "#/definitions/InvalidParameterException"
            }
          },
          "481": {
            "description": "NotAuthorizedException",
            "schema": {
              "$ref": "#/definitions/NotAuthorizedException"
            }
          },
          "482": {
            "description": "ResourceConflictException",
            "schema": {
              "$ref": "#/definitions/ResourceConflictException"
            }
          },
          "483": {
            "description": "TooManyRequestsException",
            "schema": {
              "$ref": "#/definitions/TooManyRequestsException"
            }
          },
          "484": {
            "description": "InternalErrorException",
            "schema": {
              "$ref": "#/definitions/InternalErrorException"
            }
          },
          "485": {
            "description": "LimitExceededException",
            "schema": {
              "$ref": "#/definitions/LimitExceededException"
            }
          }
        }
      }
    },
    "/#DeleteIdentities": {
      "parameters": [
        {
          "$ref": "#/parameters/Action"
        },
        {
          "$ref": "#/parameters/Version"
        },
        {
          "$ref": "#/parameters/X-Amz-Content-Sha256"
        },
        {
          "$ref": "#/parameters/X-Amz-Date"
        },
        {
          "$ref": "#/parameters/X-Amz-Algorithm"
        },
        {
          "$ref": "#/parameters/X-Amz-Credential"
        },
        {
          "$ref": "#/parameters/X-Amz-Security-Token"
        },
        {
          "$ref": "#/parameters/X-Amz-Signature"
        },
        {
          "$ref": "#/parameters/X-Amz-SignedHeaders"
        }
      ],
      "post": {
        "description": "<p>Deletes identities from an identity pool. You can specify a list of 1-60 identities that you want to delete.</p> <p>You must use AWS Developer credentials to call this API.</p>",
        "operationId": "DeleteIdentities",
        "parameters": [
          {
            "in": "body",
            "name": "body",
            "required": true,
            "schema": {
              "$ref": "#/definitions/DeleteIdentitiesInput"
            }
          }
        ],
        "responses": {
          "200": {
            "description": "Success",
            "schema": {
              "$ref": "#/definitions/DeleteIdentitiesResponse"
            }
          },
          "480": {
            "description": "InvalidParameterException",
            "schema": {
              "$ref": "#/definitions/InvalidParameterException"
            }
          },
          "481": {
            "description": "TooManyRequestsException",
            "schema": {
              "$ref": "#/definitions/TooManyRequestsException"
            }
          },
          "482": {
            "description": "InternalErrorException",
            "schema": {
              "$ref": "#/definitions/InternalErrorException"
            }
          }
        }
      }
    },
    "/#DeleteIdentityPool": {
      "parameters": [
        {
          "$ref": "#/parameters/Action"
        },
        {
          "$ref": "#/parameters/Version"
        },
        {
          "$ref": "#/parameters/X-Amz-Content-Sha256"
        },
        {
          "$ref": "#/parameters/X-Amz-Date"
        },
        {
          "$ref": "#/parameters/X-Amz-Algorithm"
        },
        {
          "$ref": "#/parameters/X-Amz-Credential"
        },
        {
          "$ref": "#/parameters/X-Amz-Security-Token"
        },
        {
          "$ref": "#/parameters/X-Amz-Signature"
        },
        {
          "$ref": "#/parameters/X-Amz-SignedHeaders"
        }
      ],
      "post": {
        "description": "<p>Deletes a user pool. Once a pool is deleted, users will not be able to authenticate with the pool.</p> <p>You must use AWS Developer credentials to call this API.</p>",
        "operationId": "DeleteIdentityPool",
        "parameters": [
          {
            "in": "body",
            "name": "body",
            "required": true,
            "schema": {
              "$ref": "#/definitions/DeleteIdentityPoolInput"
            }
          }
        ],
        "responses": {
          "200": {
            "description": "Success"
          },
          "480": {
            "description": "InvalidParameterException",
            "schema": {
              "$ref": "#/definitions/InvalidParameterException"
            }
          },
          "481": {
            "description": "ResourceNotFoundException",
            "schema": {
              "$ref": "#/definitions/ResourceNotFoundException"
            }
          },
          "482": {
            "description": "NotAuthorizedException",
            "schema": {
              "$ref": "#/definitions/NotAuthorizedException"
            }
          },
          "483": {
            "description": "TooManyRequestsException",
            "schema": {
              "$ref": "#/definitions/TooManyRequestsException"
            }
          },
          "484": {
            "description": "InternalErrorException",
            "schema": {
              "$ref": "#/definitions/InternalErrorException"
            }
          }
        }
      }
    },
    "/#DescribeIdentity": {
      "parameters": [
        {
          "$ref": "#/parameters/Action"
        },
        {
          "$ref": "#/parameters/Version"
        },
        {
          "$ref": "#/parameters/X-Amz-Content-Sha256"
        },
        {
          "$ref": "#/parameters/X-Amz-Date"
        },
        {
          "$ref": "#/parameters/X-Amz-Algorithm"
        },
        {
          "$ref": "#/parameters/X-Amz-Credential"
        },
        {
          "$ref": "#/parameters/X-Amz-Security-Token"
        },
        {
          "$ref": "#/parameters/X-Amz-Signature"
        },
        {
          "$ref": "#/parameters/X-Amz-SignedHeaders"
        }
      ],
      "post": {
        "description": "<p>Returns metadata related to the given identity, including when the identity was created and any associated linked logins.</p> <p>You must use AWS Developer credentials to call this API.</p>",
        "operationId": "DescribeIdentity",
        "parameters": [
          {
            "in": "body",
            "name": "body",
            "required": true,
            "schema": {
              "$ref": "#/definitions/DescribeIdentityInput"
            }
          }
        ],
        "responses": {
          "200": {
            "description": "Success",
            "schema": {
              "$ref": "#/definitions/IdentityDescription"
            }
          },
          "480": {
            "description": "InvalidParameterException",
            "schema": {
              "$ref": "#/definitions/InvalidParameterException"
            }
          },
          "481": {
            "description": "ResourceNotFoundException",
            "schema": {
              "$ref": "#/definitions/ResourceNotFoundException"
            }
          },
          "482": {
            "description": "NotAuthorizedException",
            "schema": {
              "$ref": "#/definitions/NotAuthorizedException"
            }
          },
          "483": {
            "description": "TooManyRequestsException",
            "schema": {
              "$ref": "#/definitions/TooManyRequestsException"
            }
          },
          "484": {
            "description": "InternalErrorException",
            "schema": {
              "$ref": "#/definitions/InternalErrorException"
            }
          }
        }
      }
    },
    "/#DescribeIdentityPool": {
      "parameters": [
        {
          "$ref": "#/parameters/Action"
        },
        {
          "$ref": "#/parameters/Version"
        },
        {
          "$ref": "#/parameters/X-Amz-Content-Sha256"
        },
        {
          "$ref": "#/parameters/X-Amz-Date"
        },
        {
          "$ref": "#/parameters/X-Amz-Algorithm"
        },
        {
          "$ref": "#/parameters/X-Amz-Credential"
        },
        {
          "$ref": "#/parameters/X-Amz-Security-Token"
        },
        {
          "$ref": "#/parameters/X-Amz-Signature"
        },
        {
          "$ref": "#/parameters/X-Amz-SignedHeaders"
        }
      ],
      "post": {
        "description": "<p>Gets details about a particular identity pool, including the pool name, ID description, creation date, and current number of users.</p> <p>You must use AWS Developer credentials to call this API.</p>",
        "operationId": "DescribeIdentityPool",
        "parameters": [
          {
            "in": "body",
            "name": "body",
            "required": true,
            "schema": {
              "$ref": "#/definitions/DescribeIdentityPoolInput"
            }
          }
        ],
        "responses": {
          "200": {
            "description": "Success",
            "schema": {
              "$ref": "#/definitions/IdentityPool"
            }
          },
          "480": {
            "description": "InvalidParameterException",
            "schema": {
              "$ref": "#/definitions/InvalidParameterException"
            }
          },
          "481": {
            "description": "ResourceNotFoundException",
            "schema": {
              "$ref": "#/definitions/ResourceNotFoundException"
            }
          },
          "482": {
            "description": "NotAuthorizedException",
            "schema": {
              "$ref": "#/definitions/NotAuthorizedException"
            }
          },
          "483": {
            "description": "TooManyRequestsException",
            "schema": {
              "$ref": "#/definitions/TooManyRequestsException"
            }
          },
          "484": {
            "description": "InternalErrorException",
            "schema": {
              "$ref": "#/definitions/InternalErrorException"
            }
          }
        }
      }
    },
    "/#GetCredentialsForIdentity": {
      "parameters": [
        {
          "$ref": "#/parameters/Action"
        },
        {
          "$ref": "#/parameters/Version"
        },
        {
          "$ref": "#/parameters/X-Amz-Content-Sha256"
        },
        {
          "$ref": "#/parameters/X-Amz-Date"
        },
        {
          "$ref": "#/parameters/X-Amz-Algorithm"
        },
        {
          "$ref": "#/parameters/X-Amz-Credential"
        },
        {
          "$ref": "#/parameters/X-Amz-Security-Token"
        },
        {
          "$ref": "#/parameters/X-Amz-Signature"
        },
        {
          "$ref": "#/parameters/X-Amz-SignedHeaders"
        }
      ],
      "post": {
        "description": "<p>Returns credentials for the provided identity ID. Any provided logins will be validated against supported login providers. If the token is for cognito-identity.amazonaws.com, it will be passed through to AWS Security Token Service with the appropriate role for the token.</p> <p>This is a public API. You do not need any credentials to call this API.</p>",
        "operationId": "GetCredentialsForIdentity",
        "parameters": [
          {
            "in": "body",
            "name": "body",
            "required": true,
            "schema": {
              "$ref": "#/definitions/GetCredentialsForIdentityInput"
            }
          }
        ],
        "responses": {
          "200": {
            "description": "Success",
            "schema": {
              "$ref": "#/definitions/GetCredentialsForIdentityResponse"
            }
          },
          "480": {
            "description": "InvalidParameterException",
            "schema": {
              "$ref": "#/definitions/InvalidParameterException"
            }
          },
          "481": {
            "description": "ResourceNotFoundException",
            "schema": {
              "$ref": "#/definitions/ResourceNotFoundException"
            }
          },
          "482": {
            "description": "NotAuthorizedException",
            "schema": {
              "$ref": "#/definitions/NotAuthorizedException"
            }
          },
          "483": {
            "description": "ResourceConflictException",
            "schema": {
              "$ref": "#/definitions/ResourceConflictException"
            }
          },
          "484": {
            "description": "TooManyRequestsException",
            "schema": {
              "$ref": "#/definitions/TooManyRequestsException"
            }
          },
          "485": {
            "description": "InvalidIdentityPoolConfigurationException",
            "schema": {
              "$ref": "#/definitions/InvalidIdentityPoolConfigurationException"
            }
          },
          "486": {
            "description": "InternalErrorException",
            "schema": {
              "$ref": "#/definitions/InternalErrorException"
            }
          },
          "487": {
            "description": "ExternalServiceException",
            "schema": {
              "$ref": "#/definitions/ExternalServiceException"
            }
          }
        }
      }
    },
    "/#GetId": {
      "parameters": [
        {
          "$ref": "#/parameters/Action"
        },
        {
          "$ref": "#/parameters/Version"
        },
        {
          "$ref": "#/parameters/X-Amz-Content-Sha256"
        },
        {
          "$ref": "#/parameters/X-Amz-Date"
        },
        {
          "$ref": "#/parameters/X-Amz-Algorithm"
        },
        {
          "$ref": "#/parameters/X-Amz-Credential"
        },
        {
          "$ref": "#/parameters/X-Amz-Security-Token"
        },
        {
          "$ref": "#/parameters/X-Amz-Signature"
        },
        {
          "$ref": "#/parameters/X-Amz-SignedHeaders"
        }
      ],
      "post": {
        "description": "<p>Generates (or retrieves) a Cognito ID. Supplying multiple logins will create an implicit linked account.</p> <p>This is a public API. You do not need any credentials to call this API.</p>",
        "operationId": "GetId",
        "parameters": [
          {
            "in": "body",
            "name": "body",
            "required": true,
            "schema": {
              "$ref": "#/definitions/GetIdInput"
            }
          }
        ],
        "responses": {
          "200": {
            "description": "Success",
            "schema": {
              "$ref": "#/definitions/GetIdResponse"
            }
          },
          "480": {
            "description": "InvalidParameterException",
            "schema": {
              "$ref": "#/definitions/InvalidParameterException"
            }
          },
          "481": {
            "description": "ResourceNotFoundException",
            "schema": {
              "$ref": "#/definitions/ResourceNotFoundException"
            }
          },
          "482": {
            "description": "NotAuthorizedException",
            "schema": {
              "$ref": "#/definitions/NotAuthorizedException"
            }
          },
          "483": {
            "description": "ResourceConflictException",
            "schema": {
              "$ref": "#/definitions/ResourceConflictException"
            }
          },
          "484": {
            "description": "TooManyRequestsException",
            "schema": {
              "$ref": "#/definitions/TooManyRequestsException"
            }
          },
          "485": {
            "description": "InternalErrorException",
            "schema": {
              "$ref": "#/definitions/InternalErrorException"
            }
          },
          "486": {
            "description": "LimitExceededException",
            "schema": {
              "$ref": "#/definitions/LimitExceededException"
            }
          },
          "487": {
            "description": "ExternalServiceException",
            "schema": {
              "$ref": "#/definitions/ExternalServiceException"
            }
          }
        }
      }
    },
    "/#GetIdentityPoolRoles": {
      "parameters": [
        {
          "$ref": "#/parameters/Action"
        },
        {
          "$ref": "#/parameters/Version"
        },
        {
          "$ref": "#/parameters/X-Amz-Content-Sha256"
        },
        {
          "$ref": "#/parameters/X-Amz-Date"
        },
        {
          "$ref": "#/parameters/X-Amz-Algorithm"
        },
        {
          "$ref": "#/parameters/X-Amz-Credential"
        },
        {
          "$ref": "#/parameters/X-Amz-Security-Token"
        },
        {
          "$ref": "#/parameters/X-Amz-Signature"
        },
        {
          "$ref": "#/parameters/X-Amz-SignedHeaders"
        }
      ],
      "post": {
        "description": "<p>Gets the roles for an identity pool.</p> <p>You must use AWS Developer credentials to call this API.</p>",
        "operationId": "GetIdentityPoolRoles",
        "parameters": [
          {
            "in": "body",
            "name": "body",
            "required": true,
            "schema": {
              "$ref": "#/definitions/GetIdentityPoolRolesInput"
            }
          }
        ],
        "responses": {
          "200": {
            "description": "Success",
            "schema": {
              "$ref": "#/definitions/GetIdentityPoolRolesResponse"
            }
          },
          "480": {
            "description": "InvalidParameterException",
            "schema": {
              "$ref": "#/definitions/InvalidParameterException"
            }
          },
          "481": {
            "description": "ResourceNotFoundException",
            "schema": {
              "$ref": "#/definitions/ResourceNotFoundException"
            }
          },
          "482": {
            "description": "NotAuthorizedException",
            "schema": {
              "$ref": "#/definitions/NotAuthorizedException"
            }
          },
          "483": {
            "description": "ResourceConflictException",
            "schema": {
              "$ref": "#/definitions/ResourceConflictException"
            }
          },
          "484": {
            "description": "TooManyRequestsException",
            "schema": {
              "$ref": "#/definitions/TooManyRequestsException"
            }
          },
          "485": {
            "description": "InternalErrorException",
            "schema": {
              "$ref": "#/definitions/InternalErrorException"
            }
          }
        }
      }
    },
    "/#GetOpenIdToken": {
      "parameters": [
        {
          "$ref": "#/parameters/Action"
        },
        {
          "$ref": "#/parameters/Version"
        },
        {
          "$ref": "#/parameters/X-Amz-Content-Sha256"
        },
        {
          "$ref": "#/parameters/X-Amz-Date"
        },
        {
          "$ref": "#/parameters/X-Amz-Algorithm"
        },
        {
          "$ref": "#/parameters/X-Amz-Credential"
        },
        {
          "$ref": "#/parameters/X-Amz-Security-Token"
        },
        {
          "$ref": "#/parameters/X-Amz-Signature"
        },
        {
          "$ref": "#/parameters/X-Amz-SignedHeaders"
        }
      ],
      "post": {
        "description": "<p>Gets an OpenID token, using a known Cognito ID. This known Cognito ID is returned by <a>GetId</a>. You can optionally add additional logins for the identity. Supplying multiple logins creates an implicit link.</p> <p>The OpenId token is valid for 15 minutes.</p> <p>This is a public API. You do not need any credentials to call this API.</p>",
        "operationId": "GetOpenIdToken",
        "parameters": [
          {
            "in": "body",
            "name": "body",
            "required": true,
            "schema": {
              "$ref": "#/definitions/GetOpenIdTokenInput"
            }
          }
        ],
        "responses": {
          "200": {
            "description": "Success",
            "schema": {
              "$ref": "#/definitions/GetOpenIdTokenResponse"
            }
          },
          "480": {
            "description": "InvalidParameterException",
            "schema": {
              "$ref": "#/definitions/InvalidParameterException"
            }
          },
          "481": {
            "description": "ResourceNotFoundException",
            "schema": {
              "$ref": "#/definitions/ResourceNotFoundException"
            }
          },
          "482": {
            "description": "NotAuthorizedException",
            "schema": {
              "$ref": "#/definitions/NotAuthorizedException"
            }
          },
          "483": {
            "description": "ResourceConflictException",
            "schema": {
              "$ref": "#/definitions/ResourceConflictException"
            }
          },
          "484": {
            "description": "TooManyRequestsException",
            "schema": {
              "$ref": "#/definitions/TooManyRequestsException"
            }
          },
          "485": {
            "description": "InternalErrorException",
            "schema": {
              "$ref": "#/definitions/InternalErrorException"
            }
          },
          "486": {
            "description": "ExternalServiceException",
            "schema": {
              "$ref": "#/definitions/ExternalServiceException"
            }
          }
        }
      }
    },
    "/#GetOpenIdTokenForDeveloperIdentity": {
      "parameters": [
        {
          "$ref": "#/parameters/Action"
        },
        {
          "$ref": "#/parameters/Version"
        },
        {
          "$ref": "#/parameters/X-Amz-Content-Sha256"
        },
        {
          "$ref": "#/parameters/X-Amz-Date"
        },
        {
          "$ref": "#/parameters/X-Amz-Algorithm"
        },
        {
          "$ref": "#/parameters/X-Amz-Credential"
        },
        {
          "$ref": "#/parameters/X-Amz-Security-Token"
        },
        {
          "$ref": "#/parameters/X-Amz-Signature"
        },
        {
          "$ref": "#/parameters/X-Amz-SignedHeaders"
        }
      ],
      "post": {
        "description": "<p>Registers (or retrieves) a Cognito <code>IdentityId</code> and an OpenID Connect token for a user authenticated by your backend authentication process. Supplying multiple logins will create an implicit linked account. You can only specify one developer provider as part of the <code>Logins</code> map, which is linked to the identity pool. The developer provider is the \"domain\" by which Cognito will refer to your users.</p> <p>You can use <code>GetOpenIdTokenForDeveloperIdentity</code> to create a new identity and to link new logins (that is, user credentials issued by a public provider or developer provider) to an existing identity. When you want to create a new identity, the <code>IdentityId</code> should be null. When you want to associate a new login with an existing authenticated/unauthenticated identity, you can do so by providing the existing <code>IdentityId</code>. This API will create the identity in the specified <code>IdentityPoolId</code>.</p> <p>You must use AWS Developer credentials to call this API.</p>",
        "operationId": "GetOpenIdTokenForDeveloperIdentity",
        "parameters": [
          {
            "in": "body",
            "name": "body",
            "required": true,
            "schema": {
              "$ref": "#/definitions/GetOpenIdTokenForDeveloperIdentityInput"
            }
          }
        ],
        "responses": {
          "200": {
            "description": "Success",
            "schema": {
              "$ref": "#/definitions/GetOpenIdTokenForDeveloperIdentityResponse"
            }
          },
          "480": {
            "description": "InvalidParameterException",
            "schema": {
              "$ref": "#/definitions/InvalidParameterException"
            }
          },
          "481": {
            "description": "ResourceNotFoundException",
            "schema": {
              "$ref": "#/definitions/ResourceNotFoundException"
            }
          },
          "482": {
            "description": "NotAuthorizedException",
            "schema": {
              "$ref": "#/definitions/NotAuthorizedException"
            }
          },
          "483": {
            "description": "ResourceConflictException",
            "schema": {
              "$ref": "#/definitions/ResourceConflictException"
            }
          },
          "484": {
            "description": "TooManyRequestsException",
            "schema": {
              "$ref": "#/definitions/TooManyRequestsException"
            }
          },
          "485": {
            "description": "InternalErrorException",
            "schema": {
              "$ref": "#/definitions/InternalErrorException"
            }
          },
          "486": {
            "description": "DeveloperUserAlreadyRegisteredException",
            "schema": {
              "$ref": "#/definitions/DeveloperUserAlreadyRegisteredException"
            }
          }
        }
      }
    },
    "/#ListIdentities": {
      "parameters": [
        {
          "$ref": "#/parameters/Action"
        },
        {
          "$ref": "#/parameters/Version"
        },
        {
          "$ref": "#/parameters/X-Amz-Content-Sha256"
        },
        {
          "$ref": "#/parameters/X-Amz-Date"
        },
        {
          "$ref": "#/parameters/X-Amz-Algorithm"
        },
        {
          "$ref": "#/parameters/X-Amz-Credential"
        },
        {
          "$ref": "#/parameters/X-Amz-Security-Token"
        },
        {
          "$ref": "#/parameters/X-Amz-Signature"
        },
        {
          "$ref": "#/parameters/X-Amz-SignedHeaders"
        }
      ],
      "post": {
        "description": "<p>Lists the identities in a pool.</p> <p>You must use AWS Developer credentials to call this API.</p>",
        "operationId": "ListIdentities",
        "parameters": [
          {
            "in": "body",
            "name": "body",
            "required": true,
            "schema": {
              "$ref": "#/definitions/ListIdentitiesInput"
            }
          }
        ],
        "responses": {
          "200": {
            "description": "Success",
            "schema": {
              "$ref": "#/definitions/ListIdentitiesResponse"
            }
          },
          "480": {
            "description": "InvalidParameterException",
            "schema": {
              "$ref": "#/definitions/InvalidParameterException"
            }
          },
          "481": {
            "description": "ResourceNotFoundException",
            "schema": {
              "$ref": "#/definitions/ResourceNotFoundException"
            }
          },
          "482": {
            "description": "NotAuthorizedException",
            "schema": {
              "$ref": "#/definitions/NotAuthorizedException"
            }
          },
          "483": {
            "description": "TooManyRequestsException",
            "schema": {
              "$ref": "#/definitions/TooManyRequestsException"
            }
          },
          "484": {
            "description": "InternalErrorException",
            "schema": {
              "$ref": "#/definitions/InternalErrorException"
            }
          }
        }
      }
    },
    "/#ListIdentityPools": {
      "parameters": [
        {
          "$ref": "#/parameters/Action"
        },
        {
          "$ref": "#/parameters/Version"
        },
        {
          "$ref": "#/parameters/X-Amz-Content-Sha256"
        },
        {
          "$ref": "#/parameters/X-Amz-Date"
        },
        {
          "$ref": "#/parameters/X-Amz-Algorithm"
        },
        {
          "$ref": "#/parameters/X-Amz-Credential"
        },
        {
          "$ref": "#/parameters/X-Amz-Security-Token"
        },
        {
          "$ref": "#/parameters/X-Amz-Signature"
        },
        {
          "$ref": "#/parameters/X-Amz-SignedHeaders"
        }
      ],
      "post": {
        "description": "<p>Lists all of the Cognito identity pools registered for your account.</p> <p>You must use AWS Developer credentials to call this API.</p>",
        "operationId": "ListIdentityPools",
        "parameters": [
          {
            "in": "body",
            "name": "body",
            "required": true,
            "schema": {
              "$ref": "#/definitions/ListIdentityPoolsInput"
            }
          }
        ],
        "responses": {
          "200": {
            "description": "Success",
            "schema": {
              "$ref": "#/definitions/ListIdentityPoolsResponse"
            }
          },
          "480": {
            "description": "InvalidParameterException",
            "schema": {
              "$ref": "#/definitions/InvalidParameterException"
            }
          },
          "481": {
            "description": "NotAuthorizedException",
            "schema": {
              "$ref": "#/definitions/NotAuthorizedException"
            }
          },
          "482": {
            "description": "TooManyRequestsException",
            "schema": {
              "$ref": "#/definitions/TooManyRequestsException"
            }
          },
          "483": {
            "description": "InternalErrorException",
            "schema": {
              "$ref": "#/definitions/InternalErrorException"
            }
          }
        }
      }
    },
    "/#LookupDeveloperIdentity": {
      "parameters": [
        {
          "$ref": "#/parameters/Action"
        },
        {
          "$ref": "#/parameters/Version"
        },
        {
          "$ref": "#/parameters/X-Amz-Content-Sha256"
        },
        {
          "$ref": "#/parameters/X-Amz-Date"
        },
        {
          "$ref": "#/parameters/X-Amz-Algorithm"
        },
        {
          "$ref": "#/parameters/X-Amz-Credential"
        },
        {
          "$ref": "#/parameters/X-Amz-Security-Token"
        },
        {
          "$ref": "#/parameters/X-Amz-Signature"
        },
        {
          "$ref": "#/parameters/X-Amz-SignedHeaders"
        }
      ],
      "post": {
        "description": "<p>Retrieves the <code>IdentityID</code> associated with a <code>DeveloperUserIdentifier</code> or the list of <code>DeveloperUserIdentifier</code>s associated with an <code>IdentityId</code> for an existing identity. Either <code>IdentityID</code> or <code>DeveloperUserIdentifier</code> must not be null. If you supply only one of these values, the other value will be searched in the database and returned as a part of the response. If you supply both, <code>DeveloperUserIdentifier</code> will be matched against <code>IdentityID</code>. If the values are verified against the database, the response returns both values and is the same as the request. Otherwise a <code>ResourceConflictException</code> is thrown.</p> <p>You must use AWS Developer credentials to call this API.</p>",
        "operationId": "LookupDeveloperIdentity",
        "parameters": [
          {
            "in": "body",
            "name": "body",
            "required": true,
            "schema": {
              "$ref": "#/definitions/LookupDeveloperIdentityInput"
            }
          }
        ],
        "responses": {
          "200": {
            "description": "Success",
            "schema": {
              "$ref": "#/definitions/LookupDeveloperIdentityResponse"
            }
          },
          "480": {
            "description": "InvalidParameterException",
            "schema": {
              "$ref": "#/definitions/InvalidParameterException"
            }
          },
          "481": {
            "description": "ResourceNotFoundException",
            "schema": {
              "$ref": "#/definitions/ResourceNotFoundException"
            }
          },
          "482": {
            "description": "NotAuthorizedException",
            "schema": {
              "$ref": "#/definitions/NotAuthorizedException"
            }
          },
          "483": {
            "description": "ResourceConflictException",
            "schema": {
              "$ref": "#/definitions/ResourceConflictException"
            }
          },
          "484": {
            "description": "TooManyRequestsException",
            "schema": {
              "$ref": "#/definitions/TooManyRequestsException"
            }
          },
          "485": {
            "description": "InternalErrorException",
            "schema": {
              "$ref": "#/definitions/InternalErrorException"
            }
          }
        }
      }
    },
    "/#MergeDeveloperIdentities": {
      "parameters": [
        {
          "$ref": "#/parameters/Action"
        },
        {
          "$ref": "#/parameters/Version"
        },
        {
          "$ref": "#/parameters/X-Amz-Content-Sha256"
        },
        {
          "$ref": "#/parameters/X-Amz-Date"
        },
        {
          "$ref": "#/parameters/X-Amz-Algorithm"
        },
        {
          "$ref": "#/parameters/X-Amz-Credential"
        },
        {
          "$ref": "#/parameters/X-Amz-Security-Token"
        },
        {
          "$ref": "#/parameters/X-Amz-Signature"
        },
        {
          "$ref": "#/parameters/X-Amz-SignedHeaders"
        }
      ],
      "post": {
        "description": "<p>Merges two users having different <code>IdentityId</code>s, existing in the same identity pool, and identified by the same developer provider. You can use this action to request that discrete users be merged and identified as a single user in the Cognito environment. Cognito associates the given source user (<code>SourceUserIdentifier</code>) with the <code>IdentityId</code> of the <code>DestinationUserIdentifier</code>. Only developer-authenticated users can be merged. If the users to be merged are associated with the same public provider, but as two different users, an exception will be thrown.</p> <p>You must use AWS Developer credentials to call this API.</p>",
        "operationId": "MergeDeveloperIdentities",
        "parameters": [
          {
            "in": "body",
            "name": "body",
            "required": true,
            "schema": {
              "$ref": "#/definitions/MergeDeveloperIdentitiesInput"
            }
          }
        ],
        "responses": {
          "200": {
            "description": "Success",
            "schema": {
              "$ref": "#/definitions/MergeDeveloperIdentitiesResponse"
            }
          },
          "480": {
            "description": "InvalidParameterException",
            "schema": {
              "$ref": "#/definitions/InvalidParameterException"
            }
          },
          "481": {
            "description": "ResourceNotFoundException",
            "schema": {
              "$ref": "#/definitions/ResourceNotFoundException"
            }
          },
          "482": {
            "description": "NotAuthorizedException",
            "schema": {
              "$ref": "#/definitions/NotAuthorizedException"
            }
          },
          "483": {
            "description": "ResourceConflictException",
            "schema": {
              "$ref": "#/definitions/ResourceConflictException"
            }
          },
          "484": {
            "description": "TooManyRequestsException",
            "schema": {
              "$ref": "#/definitions/TooManyRequestsException"
            }
          },
          "485": {
            "description": "InternalErrorException",
            "schema": {
              "$ref": "#/definitions/InternalErrorException"
            }
          }
        }
      }
    },
    "/#SetIdentityPoolRoles": {
      "parameters": [
        {
          "$ref": "#/parameters/Action"
        },
        {
          "$ref": "#/parameters/Version"
        },
        {
          "$ref": "#/parameters/X-Amz-Content-Sha256"
        },
        {
          "$ref": "#/parameters/X-Amz-Date"
        },
        {
          "$ref": "#/parameters/X-Amz-Algorithm"
        },
        {
          "$ref": "#/parameters/X-Amz-Credential"
        },
        {
          "$ref": "#/parameters/X-Amz-Security-Token"
        },
        {
          "$ref": "#/parameters/X-Amz-Signature"
        },
        {
          "$ref": "#/parameters/X-Amz-SignedHeaders"
        }
      ],
      "post": {
        "description": "<p>Sets the roles for an identity pool. These roles are used when making calls to <a>GetCredentialsForIdentity</a> action.</p> <p>You must use AWS Developer credentials to call this API.</p>",
        "operationId": "SetIdentityPoolRoles",
        "parameters": [
          {
            "in": "body",
            "name": "body",
            "required": true,
            "schema": {
              "$ref": "#/definitions/SetIdentityPoolRolesInput"
            }
          }
        ],
        "responses": {
          "200": {
            "description": "Success"
          },
          "480": {
            "description": "InvalidParameterException",
            "schema": {
              "$ref": "#/definitions/InvalidParameterException"
            }
          },
          "481": {
            "description": "ResourceNotFoundException",
            "schema": {
              "$ref": "#/definitions/ResourceNotFoundException"
            }
          },
          "482": {
            "description": "NotAuthorizedException",
            "schema": {
              "$ref": "#/definitions/NotAuthorizedException"
            }
          },
          "483": {
            "description": "ResourceConflictException",
            "schema": {
              "$ref": "#/definitions/ResourceConflictException"
            }
          },
          "484": {
            "description": "TooManyRequestsException",
            "schema": {
              "$ref": "#/definitions/TooManyRequestsException"
            }
          },
          "485": {
            "description": "InternalErrorException",
            "schema": {
              "$ref": "#/definitions/InternalErrorException"
            }
          },
          "486": {
            "description": "ConcurrentModificationException",
            "schema": {
              "$ref": "#/definitions/ConcurrentModificationException"
            }
          }
        }
      }
    },
    "/#UnlinkDeveloperIdentity": {
      "parameters": [
        {
          "$ref": "#/parameters/Action"
        },
        {
          "$ref": "#/parameters/Version"
        },
        {
          "$ref": "#/parameters/X-Amz-Content-Sha256"
        },
        {
          "$ref": "#/parameters/X-Amz-Date"
        },
        {
          "$ref": "#/parameters/X-Amz-Algorithm"
        },
        {
          "$ref": "#/parameters/X-Amz-Credential"
        },
        {
          "$ref": "#/parameters/X-Amz-Security-Token"
        },
        {
          "$ref": "#/parameters/X-Amz-Signature"
        },
        {
          "$ref": "#/parameters/X-Amz-SignedHeaders"
        }
      ],
      "post": {
        "description": "<p>Unlinks a <code>DeveloperUserIdentifier</code> from an existing identity. Unlinked developer users will be considered new identities next time they are seen. If, for a given Cognito identity, you remove all federated identities as well as the developer user identifier, the Cognito identity becomes inaccessible.</p> <p>You must use AWS Developer credentials to call this API.</p>",
        "operationId": "UnlinkDeveloperIdentity",
        "parameters": [
          {
            "in": "body",
            "name": "body",
            "required": true,
            "schema": {
              "$ref": "#/definitions/UnlinkDeveloperIdentityInput"
            }
          }
        ],
        "responses": {
          "200": {
            "description": "Success"
          },
          "480": {
            "description": "InvalidParameterException",
            "schema": {
              "$ref": "#/definitions/InvalidParameterException"
            }
          },
          "481": {
            "description": "ResourceNotFoundException",
            "schema": {
              "$ref": "#/definitions/ResourceNotFoundException"
            }
          },
          "482": {
            "description": "NotAuthorizedException",
            "schema": {
              "$ref": "#/definitions/NotAuthorizedException"
            }
          },
          "483": {
            "description": "ResourceConflictException",
            "schema": {
              "$ref": "#/definitions/ResourceConflictException"
            }
          },
          "484": {
            "description": "TooManyRequestsException",
            "schema": {
              "$ref": "#/definitions/TooManyRequestsException"
            }
          },
          "485": {
            "description": "InternalErrorException",
            "schema": {
              "$ref": "#/definitions/InternalErrorException"
            }
          }
        }
      }
    },
    "/#UnlinkIdentity": {
      "parameters": [
        {
          "$ref": "#/parameters/Action"
        },
        {
          "$ref": "#/parameters/Version"
        },
        {
          "$ref": "#/parameters/X-Amz-Content-Sha256"
        },
        {
          "$ref": "#/parameters/X-Amz-Date"
        },
        {
          "$ref": "#/parameters/X-Amz-Algorithm"
        },
        {
          "$ref": "#/parameters/X-Amz-Credential"
        },
        {
          "$ref": "#/parameters/X-Amz-Security-Token"
        },
        {
          "$ref": "#/parameters/X-Amz-Signature"
        },
        {
          "$ref": "#/parameters/X-Amz-SignedHeaders"
        }
      ],
      "post": {
        "description": "<p>Unlinks a federated identity from an existing account. Unlinked logins will be considered new identities next time they are seen. Removing the last linked login will make this identity inaccessible.</p> <p>This is a public API. You do not need any credentials to call this API.</p>",
        "operationId": "UnlinkIdentity",
        "parameters": [
          {
            "in": "body",
            "name": "body",
            "required": true,
            "schema": {
              "$ref": "#/definitions/UnlinkIdentityInput"
            }
          }
        ],
        "responses": {
          "200": {
            "description": "Success"
          },
          "480": {
            "description": "InvalidParameterException",
            "schema": {
              "$ref": "#/definitions/InvalidParameterException"
            }
          },
          "481": {
            "description": "ResourceNotFoundException",
            "schema": {
              "$ref": "#/definitions/ResourceNotFoundException"
            }
          },
          "482": {
            "description": "NotAuthorizedException",
            "schema": {
              "$ref": "#/definitions/NotAuthorizedException"
            }
          },
          "483": {
            "description": "ResourceConflictException",
            "schema": {
              "$ref": "#/definitions/ResourceConflictException"
            }
          },
          "484": {
            "description": "TooManyRequestsException",
            "schema": {
              "$ref": "#/definitions/TooManyRequestsException"
            }
          },
          "485": {
            "description": "InternalErrorException",
            "schema": {
              "$ref": "#/definitions/InternalErrorException"
            }
          },
          "486": {
            "description": "ExternalServiceException",
            "schema": {
              "$ref": "#/definitions/ExternalServiceException"
            }
          }
        }
      }
    },
    "/#UpdateIdentityPool": {
      "parameters": [
        {
          "$ref": "#/parameters/Action"
        },
        {
          "$ref": "#/parameters/Version"
        },
        {
          "$ref": "#/parameters/X-Amz-Content-Sha256"
        },
        {
          "$ref": "#/parameters/X-Amz-Date"
        },
        {
          "$ref": "#/parameters/X-Amz-Algorithm"
        },
        {
          "$ref": "#/parameters/X-Amz-Credential"
        },
        {
          "$ref": "#/parameters/X-Amz-Security-Token"
        },
        {
          "$ref": "#/parameters/X-Amz-Signature"
        },
        {
          "$ref": "#/parameters/X-Amz-SignedHeaders"
        }
      ],
      "post": {
        "description": "<p>Updates a user pool.</p> <p>You must use AWS Developer credentials to call this API.</p>",
        "operationId": "UpdateIdentityPool",
        "parameters": [
          {
            "in": "body",
            "name": "body",
            "required": true,
            "schema": {
              "$ref": "#/definitions/IdentityPool"
            }
          }
        ],
        "responses": {
          "200": {
            "description": "Success",
            "schema": {
              "$ref": "#/definitions/IdentityPool"
            }
          },
          "480": {
            "description": "InvalidParameterException",
            "schema": {
              "$ref": "#/definitions/InvalidParameterException"
            }
          },
          "481": {
            "description": "ResourceNotFoundException",
            "schema": {
              "$ref": "#/definitions/ResourceNotFoundException"
            }
          },
          "482": {
            "description": "NotAuthorizedException",
            "schema": {
              "$ref": "#/definitions/NotAuthorizedException"
            }
          },
          "483": {
            "description": "ResourceConflictException",
            "schema": {
              "$ref": "#/definitions/ResourceConflictException"
            }
          },
          "484": {
            "description": "TooManyRequestsException",
            "schema": {
              "$ref": "#/definitions/TooManyRequestsException"
            }
          },
          "485": {
            "description": "InternalErrorException",
            "schema": {
              "$ref": "#/definitions/InternalErrorException"
            }
          },
          "486": {
            "description": "ConcurrentModificationException",
            "schema": {
              "$ref": "#/definitions/ConcurrentModificationException"
            }
          },
          "487": {
            "description": "LimitExceededException",
            "schema": {
              "$ref": "#/definitions/LimitExceededException"
            }
          }
        }
      }
    }
  },
  "definitions": {
    "ARNString": {
      "maxLength": 2048,
      "minLength": 20,
      "type": "string"
    },
    "AccessKeyString": {
      "type": "string"
    },
    "AccountId": {
      "maxLength": 15,
      "minLength": 1,
      "pattern": "\\d+",
      "type": "string"
    },
    "AmbiguousRoleResolutionType": {
      "enum": [
        "AuthenticatedRole",
        "Deny"
      ],
      "type": "string"
    },
    "ClaimName": {
      "maxLength": 64,
      "minLength": 1,
      "pattern": "[\\p{L}\\p{M}\\p{S}\\p{N}\\p{P}]+",
      "type": "string"
    },
    "ClaimValue": {
      "maxLength": 128,
      "minLength": 1,
      "type": "string"
    },
    "CognitoIdentityProvider": {
      "description": "A provider representing an Amazon Cognito Identity User Pool and its client ID.",
      "properties": {
        "ClientId": {
          "$ref": "#/definitions/CognitoIdentityProviderClientId",
          "description": "The client ID for the Amazon Cognito Identity User Pool."
        },
        "ProviderName": {
          "$ref": "#/definitions/CognitoIdentityProviderName",
          "description": "The provider name for an Amazon Cognito Identity User Pool. For example, <code>cognito-idp.us-east-1.amazonaws.com/us-east-1_123456789</code>."
        },
        "ServerSideTokenCheck": {
          "$ref": "#/definitions/CognitoIdentityProviderTokenCheck",
          "description": "TRUE if server-side token validation is enabled for the identity provider’s token."
        }
      },
      "type": "object"
    },
    "CognitoIdentityProviderClientId": {
      "maxLength": 128,
      "minLength": 1,
      "pattern": "[\\w_]+",
      "type": "string"
    },
    "CognitoIdentityProviderList": {
      "items": {
        "$ref": "#/definitions/CognitoIdentityProvider"
      },
      "type": "array"
    },
    "CognitoIdentityProviderName": {
      "maxLength": 128,
      "minLength": 1,
      "pattern": "[\\w._:/-]+",
      "type": "string"
    },
    "CognitoIdentityProviderTokenCheck": {
      "type": "boolean"
    },
    "ConcurrentModificationException": {
      "description": "Thrown if there are parallel requests to modify a resource.",
      "properties": {
        "message": {
          "$ref": "#/definitions/String",
          "description": "The message returned by a ConcurrentModificationException."
        }
      },
      "type": "object"
    },
    "CreateIdentityPoolInput": {
      "description": "Input to the CreateIdentityPool action.",
      "properties": {
        "AllowUnauthenticatedIdentities": {
          "$ref": "#/definitions/IdentityPoolUnauthenticated",
          "description": "TRUE if the identity pool supports unauthenticated logins."
        },
        "CognitoIdentityProviders": {
          "$ref": "#/definitions/CognitoIdentityProviderList",
          "description": "An array of Amazon Cognito Identity user pools and their client IDs."
        },
        "DeveloperProviderName": {
          "$ref": "#/definitions/DeveloperProviderName",
          "description": "<p>The \"domain\" by which Cognito will refer to your users. This name acts as a placeholder that allows your backend and the Cognito service to communicate about the developer provider. For the <code>DeveloperProviderName</code>, you can use letters as well as period (<code>.</code>), underscore (<code>_</code>), and dash (<code>-</code>).</p> <p>Once you have set a developer provider name, you cannot change it. Please take care in setting this parameter.</p>"
        },
        "IdentityPoolName": {
          "$ref": "#/definitions/IdentityPoolName",
          "description": "A string that you provide."
        },
        "OpenIdConnectProviderARNs": {
          "$ref": "#/definitions/OIDCProviderList",
          "description": "A list of OpendID Connect provider ARNs."
        },
        "SamlProviderARNs": {
          "$ref": "#/definitions/SAMLProviderList",
          "description": "An array of Amazon Resource Names (ARNs) of the SAML provider for your identity pool."
        },
        "SupportedLoginProviders": {
          "$ref": "#/definitions/IdentityProviders",
          "description": "Optional key:value pairs mapping provider names to provider app IDs."
        }
      },
      "required": [
        "IdentityPoolName",
        "AllowUnauthenticatedIdentities"
      ],
      "type": "object"
    },
    "Credentials": {
      "description": "Credentials for the provided identity ID.",
      "properties": {
        "AccessKeyId": {
          "$ref": "#/definitions/AccessKeyString",
          "description": "The Access Key portion of the credentials."
        },
        "Expiration": {
          "$ref": "#/definitions/DateType",
          "description": "The date at which these credentials will expire."
        },
        "SecretKey": {
          "$ref": "#/definitions/SecretKeyString",
          "description": "The Secret Access Key portion of the credentials"
        },
        "SessionToken": {
          "$ref": "#/definitions/SessionTokenString",
          "description": "The Session Token portion of the credentials"
        }
      },
      "type": "object"
    },
    "DateType": {
      "format": "date-time",
      "type": "string"
    },
    "DeleteIdentitiesInput": {
      "description": "Input to the <code>DeleteIdentities</code> action.",
      "properties": {
        "IdentityIdsToDelete": {
          "$ref": "#/definitions/IdentityIdList",
          "description": "A list of 1-60 identities that you want to delete."
        }
      },
      "required": [
        "IdentityIdsToDelete"
      ],
      "type": "object"
    },
    "DeleteIdentitiesResponse": {
      "description": "Returned in response to a successful <code>DeleteIdentities</code> operation.",
      "properties": {
        "UnprocessedIdentityIds": {
          "$ref": "#/definitions/UnprocessedIdentityIdList",
          "description": "An array of UnprocessedIdentityId objects, each of which contains an ErrorCode and IdentityId."
        }
      },
      "type": "object"
    },
    "DeleteIdentityPoolInput": {
      "description": "Input to the DeleteIdentityPool action.",
      "properties": {
        "IdentityPoolId": {
          "$ref": "#/definitions/IdentityPoolId",
          "description": "An identity pool ID in the format REGION:GUID."
        }
      },
      "required": [
        "IdentityPoolId"
      ],
      "type": "object"
    },
    "DescribeIdentityInput": {
      "description": "Input to the <code>DescribeIdentity</code> action.",
      "properties": {
        "IdentityId": {
          "$ref": "#/definitions/IdentityId",
          "description": "A unique identifier in the format REGION:GUID."
        }
      },
      "required": [
        "IdentityId"
      ],
      "type": "object"
    },
    "DescribeIdentityPoolInput": {
      "description": "Input to the DescribeIdentityPool action.",
      "properties": {
        "IdentityPoolId": {
          "$ref": "#/definitions/IdentityPoolId",
          "description": "An identity pool ID in the format REGION:GUID."
        }
      },
      "required": [
        "IdentityPoolId"
      ],
      "type": "object"
    },
    "DeveloperProviderName": {
      "maxLength": 128,
      "minLength": 1,
      "pattern": "[\\w._-]+",
      "type": "string"
    },
    "DeveloperUserAlreadyRegisteredException": {
      "description": "The provided developer user identifier is already registered with Cognito under a different identity ID.",
      "properties": {
        "message": {
          "$ref": "#/definitions/String",
          "description": "This developer user identifier is already registered with Cognito."
        }
      },
      "type": "object"
    },
    "DeveloperUserIdentifier": {
      "maxLength": 1024,
      "minLength": 1,
      "type": "string"
    },
    "DeveloperUserIdentifierList": {
      "items": {
        "$ref": "#/definitions/DeveloperUserIdentifier"
      },
      "type": "array"
    },
    "ErrorCode": {
      "enum": [
        "AccessDenied",
        "InternalServerError"
      ],
      "type": "string"
    },
    "ExternalServiceException": {
      "description": "An exception thrown when a dependent service such as Facebook or Twitter is not responding",
      "properties": {
        "message": {
          "$ref": "#/definitions/String",
          "description": "The message returned by an ExternalServiceException"
        }
      },
      "type": "object"
    },
    "GetCredentialsForIdentityInput": {
      "description": "Input to the <code>GetCredentialsForIdentity</code> action.",
      "properties": {
        "CustomRoleArn": {
          "$ref": "#/definitions/ARNString",
          "description": "The Amazon Resource Name (ARN) of the role to be assumed when multiple roles were received in the token from the identity provider. For example, a SAML-based identity provider. This parameter is optional for identity providers that do not support role customization."
        },
        "IdentityId": {
          "$ref": "#/definitions/IdentityId",
          "description": "A unique identifier in the format REGION:GUID."
        },
        "Logins": {
          "$ref": "#/definitions/LoginsMap",
          "description": "A set of optional name-value pairs that map provider names to provider tokens."
        }
      },
      "required": [
        "IdentityId"
      ],
      "type": "object"
    },
    "GetCredentialsForIdentityResponse": {
      "description": "Returned in response to a successful <code>GetCredentialsForIdentity</code> operation.",
      "properties": {
        "Credentials": {
          "$ref": "#/definitions/Credentials",
          "description": "Credentials for the provided identity ID."
        },
        "IdentityId": {
          "$ref": "#/definitions/IdentityId",
          "description": "A unique identifier in the format REGION:GUID."
        }
      },
      "type": "object"
    },
    "GetIdInput": {
      "description": "Input to the GetId action.",
      "properties": {
        "AccountId": {
          "$ref": "#/definitions/AccountId",
          "description": "A standard AWS account ID (9+ digits)."
        },
        "IdentityPoolId": {
          "$ref": "#/definitions/IdentityPoolId",
          "description": "An identity pool ID in the format REGION:GUID."
        },
        "Logins": {
          "$ref": "#/definitions/LoginsMap",
          "description": "<p>A set of optional name-value pairs that map provider names to provider tokens. The available provider names for <code>Logins</code> are as follows:</p> <ul> <li> <p>Facebook: <code>graph.facebook.com</code> </p> </li> <li> <p>Amazon Cognito Identity Provider: <code>cognito-idp.us-east-1.amazonaws.com/us-east-1_123456789</code> </p> </li> <li> <p>Google: <code>accounts.google.com</code> </p> </li> <li> <p>Amazon: <code>www.amazon.com</code> </p> </li> <li> <p>Twitter: <code>api.twitter.com</code> </p> </li> <li> <p>Digits: <code>www.digits.com</code> </p> </li> </ul>"
        }
      },
      "required": [
        "IdentityPoolId"
      ],
      "type": "object"
    },
    "GetIdResponse": {
      "description": "Returned in response to a GetId request.",
      "properties": {
        "IdentityId": {
          "$ref": "#/definitions/IdentityId",
          "description": "A unique identifier in the format REGION:GUID."
        }
      },
      "type": "object"
    },
    "GetIdentityPoolRolesInput": {
      "description": "Input to the <code>GetIdentityPoolRoles</code> action.",
      "properties": {
        "IdentityPoolId": {
          "$ref": "#/definitions/IdentityPoolId",
          "description": "An identity pool ID in the format REGION:GUID."
        }
      },
      "required": [
        "IdentityPoolId"
      ],
      "type": "object"
    },
    "GetIdentityPoolRolesResponse": {
      "description": "Returned in response to a successful <code>GetIdentityPoolRoles</code> operation.",
      "properties": {
        "IdentityPoolId": {
          "$ref": "#/definitions/IdentityPoolId",
          "description": "An identity pool ID in the format REGION:GUID."
        },
        "RoleMappings": {
          "$ref": "#/definitions/RoleMappingMap",
          "description": "How users for a specific identity provider are to mapped to roles. This is a String-to-<a>RoleMapping</a> object map. The string identifies the identity provider, for example, \"graph.facebook.com\" or \"cognito-idp-east-1.amazonaws.com/us-east-1_abcdefghi:app_client_id\"."
        },
        "Roles": {
          "$ref": "#/definitions/RolesMap",
          "description": "The map of roles associated with this pool. Currently only authenticated and unauthenticated roles are supported."
        }
      },
      "type": "object"
    },
    "GetOpenIdTokenForDeveloperIdentityInput": {
      "description": "Input to the <code>GetOpenIdTokenForDeveloperIdentity</code> action.",
      "properties": {
        "IdentityId": {
          "$ref": "#/definitions/IdentityId",
          "description": "A unique identifier in the format REGION:GUID."
        },
        "IdentityPoolId": {
          "$ref": "#/definitions/IdentityPoolId",
          "description": "An identity pool ID in the format REGION:GUID."
        },
        "Logins": {
          "$ref": "#/definitions/LoginsMap",
          "description": "A set of optional name-value pairs that map provider names to provider tokens. Each name-value pair represents a user from a public provider or developer provider. If the user is from a developer provider, the name-value pair will follow the syntax <code>\"developer_provider_name\": \"developer_user_identifier\"</code>. The developer provider is the \"domain\" by which Cognito will refer to your users; you provided this domain while creating/updating the identity pool. The developer user identifier is an identifier from your backend that uniquely identifies a user. When you create an identity pool, you can specify the supported logins."
        },
        "TokenDuration": {
          "$ref": "#/definitions/TokenDuration",
          "description": "The expiration time of the token, in seconds. You can specify a custom expiration time for the token so that you can cache it. If you don't provide an expiration time, the token is valid for 15 minutes. You can exchange the token with Amazon STS for temporary AWS credentials, which are valid for a maximum of one hour. The maximum token duration you can set is 24 hours. You should take care in setting the expiration time for a token, as there are significant security implications: an attacker could use a leaked token to access your AWS resources for the token's duration."
        }
      },
      "required": [
        "IdentityPoolId",
        "Logins"
      ],
      "type": "object"
    },
    "GetOpenIdTokenForDeveloperIdentityResponse": {
      "description": "Returned in response to a successful <code>GetOpenIdTokenForDeveloperIdentity</code> request.",
      "properties": {
        "IdentityId": {
          "$ref": "#/definitions/IdentityId",
          "description": "A unique identifier in the format REGION:GUID."
        },
        "Token": {
          "$ref": "#/definitions/OIDCToken",
          "description": "An OpenID token."
        }
      },
      "type": "object"
    },
    "GetOpenIdTokenInput": {
      "description": "Input to the GetOpenIdToken action.",
      "properties": {
        "IdentityId": {
          "$ref": "#/definitions/IdentityId",
          "description": "A unique identifier in the format REGION:GUID."
        },
        "Logins": {
          "$ref": "#/definitions/LoginsMap",
          "description": "A set of optional name-value pairs that map provider names to provider tokens. When using graph.facebook.com and www.amazon.com, supply the access_token returned from the provider's authflow. For accounts.google.com, an Amazon Cognito Identity Provider, or any other OpenId Connect provider, always include the <code>id_token</code>."
        }
      },
      "required": [
        "IdentityId"
      ],
      "type": "object"
    },
    "GetOpenIdTokenResponse": {
      "description": "Returned in response to a successful GetOpenIdToken request.",
      "properties": {
        "IdentityId": {
          "$ref": "#/definitions/IdentityId",
          "description": "A unique identifier in the format REGION:GUID. Note that the IdentityId returned may not match the one passed on input."
        },
        "Token": {
          "$ref": "#/definitions/OIDCToken",
          "description": "An OpenID token, valid for 15 minutes."
        }
      },
      "type": "object"
    },
    "HideDisabled": {
      "type": "boolean"
    },
    "IdentitiesList": {
      "items": {
        "$ref": "#/definitions/IdentityDescription"
      },
      "type": "array"
    },
    "IdentityDescription": {
      "description": "A description of the identity.",
      "properties": {
        "CreationDate": {
          "$ref": "#/definitions/DateType",
          "description": "Date on which the identity was created."
        },
        "IdentityId": {
          "$ref": "#/definitions/IdentityId",
          "description": "A unique identifier in the format REGION:GUID."
        },
        "LastModifiedDate": {
          "$ref": "#/definitions/DateType",
          "description": "Date on which the identity was last modified."
        },
        "Logins": {
          "$ref": "#/definitions/LoginsList",
          "description": "A set of optional name-value pairs that map provider names to provider tokens."
        }
      },
      "type": "object"
    },
    "IdentityId": {
      "maxLength": 55,
      "minLength": 1,
      "pattern": "[\\w-]+:[0-9a-f-]+",
      "type": "string"
    },
    "IdentityIdList": {
      "items": {
        "$ref": "#/definitions/IdentityId"
      },
      "maxItems": 60,
      "minItems": 1,
      "type": "array"
    },
    "IdentityPool": {
      "description": "An object representing an Amazon Cognito identity pool.",
      "properties": {
        "AllowUnauthenticatedIdentities": {
          "$ref": "#/definitions/IdentityPoolUnauthenticated",
          "description": "TRUE if the identity pool supports unauthenticated logins."
        },
        "CognitoIdentityProviders": {
          "$ref": "#/definitions/CognitoIdentityProviderList",
          "description": "A list representing an Amazon Cognito Identity User Pool and its client ID."
        },
        "DeveloperProviderName": {
          "$ref": "#/definitions/DeveloperProviderName",
          "description": "The \"domain\" by which Cognito will refer to your users."
        },
        "IdentityPoolId": {
          "$ref": "#/definitions/IdentityPoolId",
          "description": "An identity pool ID in the format REGION:GUID."
        },
        "IdentityPoolName": {
          "$ref": "#/definitions/IdentityPoolName",
          "description": "A string that you provide."
        },
        "OpenIdConnectProviderARNs": {
          "$ref": "#/definitions/OIDCProviderList",
          "description": "A list of OpendID Connect provider ARNs."
        },
        "SamlProviderARNs": {
          "$ref": "#/definitions/SAMLProviderList",
          "description": "An array of Amazon Resource Names (ARNs) of the SAML provider for your identity pool."
        },
        "SupportedLoginProviders": {
          "$ref": "#/definitions/IdentityProviders",
          "description": "Optional key:value pairs mapping provider names to provider app IDs."
        }
      },
      "required": [
        "IdentityPoolId",
        "IdentityPoolName",
        "AllowUnauthenticatedIdentities"
      ],
      "type": "object"
    },
    "IdentityPoolId": {
      "maxLength": 55,
      "minLength": 1,
      "pattern": "[\\w-]+:[0-9a-f-]+",
      "type": "string"
    },
    "IdentityPoolName": {
      "maxLength": 128,
      "minLength": 1,
      "pattern": "[\\w ]+",
      "type": "string"
    },
    "IdentityPoolShortDescription": {
      "description": "A description of the identity pool.",
      "properties": {
        "IdentityPoolId": {
          "$ref": "#/definitions/IdentityPoolId",
          "description": "An identity pool ID in the format REGION:GUID."
        },
        "IdentityPoolName": {
          "$ref": "#/definitions/IdentityPoolName",
          "description": "A string that you provide."
        }
      },
      "type": "object"
    },
    "IdentityPoolUnauthenticated": {
      "type": "boolean"
    },
    "IdentityPoolsList": {
      "items": {
        "$ref": "#/definitions/IdentityPoolShortDescription"
      },
      "type": "array"
    },
    "IdentityProviderId": {
      "maxLength": 128,
      "minLength": 1,
      "pattern": "[\\w.;_/-]+",
      "type": "string"
    },
    "IdentityProviderName": {
      "maxLength": 128,
      "minLength": 1,
      "type": "string"
    },
    "IdentityProviderToken": {
      "maxLength": 50000,
      "minLength": 1,
      "type": "string"
    },
    "IdentityProviders": {
      "items": {
        "properties": {
          "key": {
            "$ref": "#/definitions/IdentityProviderName"
          },
          "value": {
            "$ref": "#/definitions/IdentityProviderId"
          }
        },
        "type": "object"
      },
      "maxItems": 10,
      "type": "array"
    },
    "InternalErrorException": {
      "description": "Thrown when the service encounters an error during processing the request.",
      "properties": {
        "message": {
          "$ref": "#/definitions/String",
          "description": "The message returned by an InternalErrorException."
        }
      },
      "type": "object"
    },
    "InvalidIdentityPoolConfigurationException": {
      "description": "Thrown if the identity pool has no role associated for the given auth type (auth/unauth) or if the AssumeRole fails.",
      "properties": {
        "message": {
          "$ref": "#/definitions/String",
          "description": "The message returned for an <code>InvalidIdentityPoolConfigurationException</code> "
        }
      },
      "type": "object"
    },
    "InvalidParameterException": {
      "description": "Thrown for missing or bad input parameter(s).",
      "properties": {
        "message": {
          "$ref": "#/definitions/String",
          "description": "The message returned by an InvalidParameterException."
        }
      },
      "type": "object"
    },
    "LimitExceededException": {
      "description": "Thrown when the total number of user pools has exceeded a preset limit.",
      "properties": {
        "message": {
          "$ref": "#/definitions/String",
          "description": "The message returned by a LimitExceededException."
        }
      },
      "type": "object"
    },
    "ListIdentitiesInput": {
      "description": "Input to the ListIdentities action.",
      "properties": {
        "HideDisabled": {
          "$ref": "#/definitions/HideDisabled",
          "description": "An optional boolean parameter that allows you to hide disabled identities. If omitted, the ListIdentities API will include disabled identities in the response."
        },
        "IdentityPoolId": {
          "$ref": "#/definitions/IdentityPoolId",
          "description": "An identity pool ID in the format REGION:GUID."
        },
        "MaxResults": {
          "$ref": "#/definitions/QueryLimit",
          "description": "The maximum number of identities to return."
        },
        "NextToken": {
          "$ref": "#/definitions/PaginationKey",
          "description": "A pagination token."
        }
      },
      "required": [
        "IdentityPoolId",
        "MaxResults"
      ],
      "type": "object"
    },
    "ListIdentitiesResponse": {
      "description": "The response to a ListIdentities request.",
      "properties": {
        "Identities": {
          "$ref": "#/definitions/IdentitiesList",
          "description": "An object containing a set of identities and associated mappings."
        },
        "IdentityPoolId": {
          "$ref": "#/definitions/IdentityPoolId",
          "description": "An identity pool ID in the format REGION:GUID."
        },
        "NextToken": {
          "$ref": "#/definitions/PaginationKey",
          "description": "A pagination token."
        }
      },
      "type": "object"
    },
    "ListIdentityPoolsInput": {
      "description": "Input to the ListIdentityPools action.",
      "properties": {
        "MaxResults": {
          "$ref": "#/definitions/QueryLimit",
          "description": "The maximum number of identities to return."
        },
        "NextToken": {
          "$ref": "#/definitions/PaginationKey",
          "description": "A pagination token."
        }
      },
      "required": [
        "MaxResults"
      ],
      "type": "object"
    },
    "ListIdentityPoolsResponse": {
      "description": "The result of a successful ListIdentityPools action.",
      "properties": {
        "IdentityPools": {
          "$ref": "#/definitions/IdentityPoolsList",
          "description": "The identity pools returned by the ListIdentityPools action."
        },
        "NextToken": {
          "$ref": "#/definitions/PaginationKey",
          "description": "A pagination token."
        }
      },
      "type": "object"
    },
    "LoginsList": {
      "items": {
        "$ref": "#/definitions/IdentityProviderName"
      },
      "type": "array"
    },
    "LoginsMap": {
      "items": {
        "properties": {
          "key": {
            "$ref": "#/definitions/IdentityProviderName"
          },
          "value": {
            "$ref": "#/definitions/IdentityProviderToken"
          }
        },
        "type": "object"
      },
      "maxItems": 10,
      "type": "array"
    },
    "LookupDeveloperIdentityInput": {
      "description": "Input to the <code>LookupDeveloperIdentityInput</code> action.",
      "properties": {
        "DeveloperUserIdentifier": {
          "$ref": "#/definitions/DeveloperUserIdentifier",
          "description": "A unique ID used by your backend authentication process to identify a user. Typically, a developer identity provider would issue many developer user identifiers, in keeping with the number of users."
        },
        "IdentityId": {
          "$ref": "#/definitions/IdentityId",
          "description": "A unique identifier in the format REGION:GUID."
        },
        "IdentityPoolId": {
          "$ref": "#/definitions/IdentityPoolId",
          "description": "An identity pool ID in the format REGION:GUID."
        },
        "MaxResults": {
          "$ref": "#/definitions/QueryLimit",
          "description": "The maximum number of identities to return."
        },
        "NextToken": {
          "$ref": "#/definitions/PaginationKey",
          "description": "A pagination token. The first call you make will have <code>NextToken</code> set to null. After that the service will return <code>NextToken</code> values as needed. For example, let's say you make a request with <code>MaxResults</code> set to 10, and there are 20 matches in the database. The service will return a pagination token as a part of the response. This token can be used to call the API again and get results starting from the 11th match."
        }
      },
      "required": [
        "IdentityPoolId"
      ],
      "type": "object"
    },
    "LookupDeveloperIdentityResponse": {
      "description": "Returned in response to a successful <code>LookupDeveloperIdentity</code> action.",
      "properties": {
        "DeveloperUserIdentifierList": {
          "$ref": "#/definitions/DeveloperUserIdentifierList",
          "description": "This is the list of developer user identifiers associated with an identity ID. Cognito supports the association of multiple developer user identifiers with an identity ID."
        },
        "IdentityId": {
          "$ref": "#/definitions/IdentityId",
          "description": "A unique identifier in the format REGION:GUID."
        },
        "NextToken": {
          "$ref": "#/definitions/PaginationKey",
          "description": "A pagination token. The first call you make will have <code>NextToken</code> set to null. After that the service will return <code>NextToken</code> values as needed. For example, let's say you make a request with <code>MaxResults</code> set to 10, and there are 20 matches in the database. The service will return a pagination token as a part of the response. This token can be used to call the API again and get results starting from the 11th match."
        }
      },
      "type": "object"
    },
    "MappingRule": {
      "description": "A rule that maps a claim name, a claim value, and a match type to a role ARN.",
      "properties": {
        "Claim": {
          "$ref": "#/definitions/ClaimName",
          "description": "The claim name that must be present in the token, for example, \"isAdmin\" or \"paid\"."
        },
        "MatchType": {
          "$ref": "#/definitions/MappingRuleMatchType",
          "description": "The match condition that specifies how closely the claim value in the IdP token must match <code>Value</code>."
        },
        "RoleARN": {
          "$ref": "#/definitions/ARNString",
          "description": "The role ARN."
        },
        "Value": {
          "$ref": "#/definitions/ClaimValue",
          "description": "A brief string that the claim must match, for example, \"paid\" or \"yes\"."
        }
      },
      "required": [
        "Claim",
        "MatchType",
        "Value",
        "RoleARN"
      ],
      "type": "object"
    },
    "MappingRuleMatchType": {
      "enum": [
        "Equals",
        "Contains",
        "StartsWith",
        "NotEqual"
      ],
      "type": "string"
    },
    "MappingRulesList": {
      "items": {
        "$ref": "#/definitions/MappingRule"
      },
      "maxItems": 25,
      "minItems": 1,
      "type": "array"
    },
    "MergeDeveloperIdentitiesInput": {
      "description": "Input to the <code>MergeDeveloperIdentities</code> action.",
      "properties": {
        "DestinationUserIdentifier": {
          "$ref": "#/definitions/DeveloperUserIdentifier",
          "description": "User identifier for the destination user. The value should be a <code>DeveloperUserIdentifier</code>."
        },
        "DeveloperProviderName": {
          "$ref": "#/definitions/DeveloperProviderName",
          "description": "The \"domain\" by which Cognito will refer to your users. This is a (pseudo) domain name that you provide while creating an identity pool. This name acts as a placeholder that allows your backend and the Cognito service to communicate about the developer provider. For the <code>DeveloperProviderName</code>, you can use letters as well as period (.), underscore (_), and dash (-)."
        },
        "IdentityPoolId": {
          "$ref": "#/definitions/IdentityPoolId",
          "description": "An identity pool ID in the format REGION:GUID."
        },
        "SourceUserIdentifier": {
          "$ref": "#/definitions/DeveloperUserIdentifier",
          "description": "User identifier for the source user. The value should be a <code>DeveloperUserIdentifier</code>."
        }
      },
      "required": [
        "SourceUserIdentifier",
        "DestinationUserIdentifier",
        "DeveloperProviderName",
        "IdentityPoolId"
      ],
      "type": "object"
    },
    "MergeDeveloperIdentitiesResponse": {
      "description": "Returned in response to a successful <code>MergeDeveloperIdentities</code> action.",
      "properties": {
        "IdentityId": {
          "$ref": "#/definitions/IdentityId",
          "description": "A unique identifier in the format REGION:GUID."
        }
      },
      "type": "object"
    },
    "NotAuthorizedException": {
      "description": "Thrown when a user is not authorized to access the requested resource.",
      "properties": {
        "message": {
          "$ref": "#/definitions/String",
          "description": "The message returned by a NotAuthorizedException"
        }
      },
      "type": "object"
    },
    "OIDCProviderList": {
      "items": {
        "$ref": "#/definitions/ARNString"
      },
      "type": "array"
    },
    "OIDCToken": {
      "type": "string"
    },
    "PaginationKey": {
      "minLength": 1,
      "pattern": "[\\S]+",
      "type": "string"
    },
    "QueryLimit": {
      "maximum": 60,
      "minimum": 1,
      "type": "integer"
    },
    "ResourceConflictException": {
      "description": "Thrown when a user tries to use a login which is already linked to another account.",
      "properties": {
        "message": {
          "$ref": "#/definitions/String",
          "description": "The message returned by a ResourceConflictException."
        }
      },
      "type": "object"
    },
    "ResourceNotFoundException": {
      "description": "Thrown when the requested resource (for example, a dataset or record) does not exist.",
      "properties": {
        "message": {
          "$ref": "#/definitions/String",
          "description": "The message returned by a ResourceNotFoundException."
        }
      },
      "type": "object"
    },
    "RoleMapping": {
      "description": "A role mapping.",
      "properties": {
        "AmbiguousRoleResolution": {
          "$ref": "#/definitions/AmbiguousRoleResolutionType",
          "description": "<p>If you specify Token or Rules as the <code>Type</code>, <code>AmbiguousRoleResolution</code> is required.</p> <p>Specifies the action to be taken if either no rules match the claim value for the <code>Rules</code> type, or there is no <code>cognito:preferred_role</code> claim and there are multiple <code>cognito:roles</code> matches for the <code>Token</code> type.</p>"
        },
        "RulesConfiguration": {
          "$ref": "#/definitions/RulesConfigurationType",
          "description": "<p>The rules to be used for mapping users to roles.</p> <p>If you specify Rules as the role mapping type, <code>RulesConfiguration</code> is required.</p>"
        },
        "Type": {
          "$ref": "#/definitions/RoleMappingType",
          "description": "The role mapping type. Token will use <code>cognito:roles</code> and <code>cognito:preferred_role</code> claims from the Cognito identity provider token to map groups to roles. Rules will attempt to match claims from the token to map to a role."
        }
      },
      "required": [
        "Type"
      ],
      "type": "object"
    },
    "RoleMappingMap": {
      "items": {
        "properties": {
          "key": {
            "$ref": "#/definitions/IdentityProviderName"
          },
          "value": {
            "$ref": "#/definitions/RoleMapping"
          }
        },
        "type": "object"
      },
      "maxItems": 10,
      "type": "array"
    },
    "RoleMappingType": {
      "enum": [
        "Token",
        "Rules"
      ],
      "type": "string"
    },
    "RoleType": {
      "pattern": "(un)?authenticated",
      "type": "string"
    },
    "RolesMap": {
      "items": {
        "properties": {
          "key": {
            "$ref": "#/definitions/RoleType"
          },
          "value": {
            "$ref": "#/definitions/ARNString"
          }
        },
        "type": "object"
      },
      "maxItems": 2,
      "type": "array"
    },
    "RulesConfigurationType": {
      "description": "A container for rules.",
      "properties": {
        "Rules": {
          "$ref": "#/definitions/MappingRulesList",
          "description": "<p>An array of rules. You can specify up to 25 rules per identity provider.</p> <p>Rules are evaluated in order. The first one to match specifies the role.</p>"
        }
      },
      "required": [
        "Rules"
      ],
      "type": "object"
    },
    "SAMLProviderList": {
      "items": {
        "$ref": "#/definitions/ARNString"
      },
      "type": "array"
    },
    "SecretKeyString": {
      "type": "string"
    },
    "SessionTokenString": {
      "type": "string"
    },
    "SetIdentityPoolRolesInput": {
      "description": "Input to the <code>SetIdentityPoolRoles</code> action.",
      "properties": {
        "IdentityPoolId": {
          "$ref": "#/definitions/IdentityPoolId",
          "description": "An identity pool ID in the format REGION:GUID."
        },
        "RoleMappings": {
          "$ref": "#/definitions/RoleMappingMap",
          "description": "<p>How users for a specific identity provider are to mapped to roles. This is a string to <a>RoleMapping</a> object map. The string identifies the identity provider, for example, \"graph.facebook.com\" or \"cognito-idp-east-1.amazonaws.com/us-east-1_abcdefghi:app_client_id\".</p> <p>Up to 25 rules can be specified per identity provider.</p>"
        },
        "Roles": {
          "$ref": "#/definitions/RolesMap",
          "description": "The map of roles associated with this pool. For a given role, the key will be either \"authenticated\" or \"unauthenticated\" and the value will be the Role ARN."
        }
      },
      "required": [
        "IdentityPoolId",
        "Roles"
      ],
      "type": "object"
    },
    "String": {
      "type": "string"
    },
    "TokenDuration": {
      "maximum": 86400,
      "minimum": 1,
      "type": "integer"
    },
    "TooManyRequestsException": {
      "description": "Thrown when a request is throttled.",
      "properties": {
        "message": {
          "$ref": "#/definitions/String",
          "description": "Message returned by a TooManyRequestsException"
        }
      },
      "type": "object"
    },
    "UnlinkDeveloperIdentityInput": {
      "description": "Input to the <code>UnlinkDeveloperIdentity</code> action.",
      "properties": {
        "DeveloperProviderName": {
          "$ref": "#/definitions/DeveloperProviderName",
          "description": "The \"domain\" by which Cognito will refer to your users."
        },
        "DeveloperUserIdentifier": {
          "$ref": "#/definitions/DeveloperUserIdentifier",
          "description": "A unique ID used by your backend authentication process to identify a user."
        },
        "IdentityId": {
          "$ref": "#/definitions/IdentityId",
          "description": "A unique identifier in the format REGION:GUID."
        },
        "IdentityPoolId": {
          "$ref": "#/definitions/IdentityPoolId",
          "description": "An identity pool ID in the format REGION:GUID."
        }
      },
      "required": [
        "IdentityId",
        "IdentityPoolId",
        "DeveloperProviderName",
        "DeveloperUserIdentifier"
      ],
      "type": "object"
    },
    "UnlinkIdentityInput": {
      "description": "Input to the UnlinkIdentity action.",
      "properties": {
        "IdentityId": {
          "$ref": "#/definitions/IdentityId",
          "description": "A unique identifier in the format REGION:GUID."
        },
        "Logins": {
          "$ref": "#/definitions/LoginsMap",
          "description": "A set of optional name-value pairs that map provider names to provider tokens."
        },
        "LoginsToRemove": {
          "$ref": "#/definitions/LoginsList",
          "description": "Provider names to unlink from this identity."
        }
      },
      "required": [
        "IdentityId",
        "Logins",
        "LoginsToRemove"
      ],
      "type": "object"
    },
    "UnprocessedIdentityId": {
      "description": "An array of UnprocessedIdentityId objects, each of which contains an ErrorCode and IdentityId.",
      "properties": {
        "ErrorCode": {
          "$ref": "#/definitions/ErrorCode",
          "description": "The error code indicating the type of error that occurred."
        },
        "IdentityId": {
          "$ref": "#/definitions/IdentityId",
          "description": "A unique identifier in the format REGION:GUID."
        }
      },
      "type": "object"
    },
    "UnprocessedIdentityIdList": {
      "items": {
        "$ref": "#/definitions/UnprocessedIdentityId"
      },
      "maxItems": 60,
      "type": "array"
    }
  }
}
