{
  "swagger": "2.0",
  "schemes": [
    "http"
  ],
  "host": "sms.amazonaws.com",
  "basePath": "/",
  "x-hasEquivalentPaths": true,
  "info": {
    "contact": {
      "email": "mike.ralphson@gmail.com",
      "name": "Mike Ralphson",
      "url": "https://github.com/mermade/aws2openapi"
    },
    "description": "Amazon Server Migration Service automates the process of migrating servers to EC2.",
    "license": {
      "name": "Apache 2.0 License",
      "url": "http://www.apache.org/licenses/"
    },
    "termsOfService": "https://aws.amazon.com/service-terms/",
    "title": "AWS Server Migration Service",
    "version": "2016-10-24",
    "x-apiClientRegistration": {
      "url": "https://portal.aws.amazon.com/gp/aws/developer/registration/index.html?nc2=h_ct"
    },
    "x-apisguru-categories": [
      "cloud"
    ],
    "x-logo": {
      "backgroundColor": "#FFFFFF",
      "url": "https://api.apis.guru/v2/cache/logo/https_media.amazonwebservices.com_blog_2007_big_pbaws_logo_300px.jpg"
    },
    "x-origin": [
      {
        "contentType": "application/json",
        "converter": {
          "url": "https://github.com/mermade/aws2openapi",
          "version": "1.0.0"
        },
        "url": "https://raw.githubusercontent.com/aws/aws-sdk-js/master/apis/sms-2016-10-24.normal.json"
      },
      {
        "format": "swagger",
        "url": "https://raw.githubusercontent.com/mermade/openapi-definitions/master/aws/sms/2016-10-24/swagger.yaml",
        "version": "2.0",
        "x-apisguru-direct": true
      }
    ],
    "x-preferred": true,
    "x-providerName": "amazonaws.com",
    "x-release": "v4",
    "x-serviceName": "sms"
  },
  "externalDocs": {
    "description": "Amazon Web Services documentation",
    "url": "https://aws.amazon.com/sms/"
  },
  "consumes": [
    "application/json"
  ],
  "produces": [
    "application/json"
  ],
  "securityDefinitions": {
    "hmac": {
      "description": "Amazon Signature authorization v4",
      "in": "header",
      "name": "Authorization",
      "type": "apiKey",
      "x-amazon-apigateway-authtype": "awsSigv4"
    }
  },
  "security": [
    {
      "hmac": []
    }
  ],
  "parameters": {
    "Action": {
      "in": "header",
      "name": "Action",
      "required": true,
      "type": "string"
    },
    "Version": {
      "in": "header",
      "name": "Version",
      "required": true,
      "type": "string"
    },
    "X-Amz-Algorithm": {
      "in": "header",
      "name": "X-Amz-Algorithm",
      "required": false,
      "type": "string"
    },
    "X-Amz-Content-Sha256": {
      "in": "header",
      "name": "X-Amz-Content-Sha256",
      "required": false,
      "type": "string"
    },
    "X-Amz-Credential": {
      "in": "header",
      "name": "X-Amz-Credential",
      "required": false,
      "type": "string"
    },
    "X-Amz-Date": {
      "in": "header",
      "name": "X-Amz-Date",
      "required": false,
      "type": "string"
    },
    "X-Amz-Security-Token": {
      "in": "header",
      "name": "X-Amz-Security-Token",
      "required": false,
      "type": "string"
    },
    "X-Amz-Signature": {
      "in": "header",
      "name": "X-Amz-Signature",
      "required": false,
      "type": "string"
    },
    "X-Amz-SignedHeaders": {
      "in": "header",
      "name": "X-Amz-SignedHeaders",
      "required": false,
      "type": "string"
    }
  },
  "paths": {
    "/": {
      "parameters": [
        {
          "$ref": "#/parameters/Action"
        },
        {
          "$ref": "#/parameters/Version"
        },
        {
          "$ref": "#/parameters/X-Amz-Content-Sha256"
        },
        {
          "$ref": "#/parameters/X-Amz-Date"
        },
        {
          "$ref": "#/parameters/X-Amz-Algorithm"
        },
        {
          "$ref": "#/parameters/X-Amz-Credential"
        },
        {
          "$ref": "#/parameters/X-Amz-Security-Token"
        },
        {
          "$ref": "#/parameters/X-Amz-Signature"
        },
        {
          "$ref": "#/parameters/X-Amz-SignedHeaders"
        }
      ],
      "post": {
        "description": "The CreateReplicationJob API is used to create a ReplicationJob to replicate a server on AWS. Call this API to first create a ReplicationJob, which will then schedule periodic ReplicationRuns to replicate your server to AWS. Each ReplicationRun will result in the creation of an AWS AMI.",
        "operationId": "CreateReplicationJob",
        "parameters": [
          {
            "in": "body",
            "name": "body",
            "required": true,
            "schema": {
              "$ref": "#/definitions/CreateReplicationJobRequest"
            }
          }
        ],
        "responses": {
          "200": {
            "description": "Success",
            "schema": {
              "$ref": "#/definitions/CreateReplicationJobResponse"
            }
          },
          "480": {
            "description": "InvalidParameterException",
            "schema": {
              "$ref": "#/definitions/InvalidParameterException"
            }
          },
          "481": {
            "description": "MissingRequiredParameterException",
            "schema": {
              "$ref": "#/definitions/MissingRequiredParameterException"
            }
          },
          "482": {
            "description": "UnauthorizedOperationException",
            "schema": {
              "$ref": "#/definitions/UnauthorizedOperationException"
            }
          },
          "483": {
            "description": "OperationNotPermittedException",
            "schema": {
              "$ref": "#/definitions/OperationNotPermittedException"
            }
          },
          "484": {
            "description": "ServerCannotBeReplicatedException",
            "schema": {
              "$ref": "#/definitions/ServerCannotBeReplicatedException"
            }
          },
          "485": {
            "description": "ReplicationJobAlreadyExistsException",
            "schema": {
              "$ref": "#/definitions/ReplicationJobAlreadyExistsException"
            }
          },
          "486": {
            "description": "NoConnectorsAvailableException",
            "schema": {
              "$ref": "#/definitions/NoConnectorsAvailableException"
            }
          },
          "487": {
            "description": "InternalError",
            "schema": {
              "$ref": "#/definitions/InternalError"
            }
          }
        }
      }
    },
    "/#DeleteReplicationJob": {
      "parameters": [
        {
          "$ref": "#/parameters/Action"
        },
        {
          "$ref": "#/parameters/Version"
        },
        {
          "$ref": "#/parameters/X-Amz-Content-Sha256"
        },
        {
          "$ref": "#/parameters/X-Amz-Date"
        },
        {
          "$ref": "#/parameters/X-Amz-Algorithm"
        },
        {
          "$ref": "#/parameters/X-Amz-Credential"
        },
        {
          "$ref": "#/parameters/X-Amz-Security-Token"
        },
        {
          "$ref": "#/parameters/X-Amz-Signature"
        },
        {
          "$ref": "#/parameters/X-Amz-SignedHeaders"
        }
      ],
      "post": {
        "description": "The DeleteReplicationJob API is used to delete a ReplicationJob, resulting in no further ReplicationRuns. This will delete the contents of the S3 bucket used to store SMS artifacts, but will not delete any AMIs created by the SMS service.",
        "operationId": "DeleteReplicationJob",
        "parameters": [
          {
            "in": "body",
            "name": "body",
            "required": true,
            "schema": {
              "$ref": "#/definitions/DeleteReplicationJobRequest"
            }
          }
        ],
        "responses": {
          "200": {
            "description": "Success",
            "schema": {
              "$ref": "#/definitions/DeleteReplicationJobResponse"
            }
          },
          "480": {
            "description": "InvalidParameterException",
            "schema": {
              "$ref": "#/definitions/InvalidParameterException"
            }
          },
          "481": {
            "description": "MissingRequiredParameterException",
            "schema": {
              "$ref": "#/definitions/MissingRequiredParameterException"
            }
          },
          "482": {
            "description": "UnauthorizedOperationException",
            "schema": {
              "$ref": "#/definitions/UnauthorizedOperationException"
            }
          },
          "483": {
            "description": "OperationNotPermittedException",
            "schema": {
              "$ref": "#/definitions/OperationNotPermittedException"
            }
          },
          "484": {
            "description": "ReplicationJobNotFoundException",
            "schema": {
              "$ref": "#/definitions/ReplicationJobNotFoundException"
            }
          }
        }
      }
    },
    "/#DeleteServerCatalog": {
      "parameters": [
        {
          "$ref": "#/parameters/Action"
        },
        {
          "$ref": "#/parameters/Version"
        },
        {
          "$ref": "#/parameters/X-Amz-Content-Sha256"
        },
        {
          "$ref": "#/parameters/X-Amz-Date"
        },
        {
          "$ref": "#/parameters/X-Amz-Algorithm"
        },
        {
          "$ref": "#/parameters/X-Amz-Credential"
        },
        {
          "$ref": "#/parameters/X-Amz-Security-Token"
        },
        {
          "$ref": "#/parameters/X-Amz-Signature"
        },
        {
          "$ref": "#/parameters/X-Amz-SignedHeaders"
        }
      ],
      "post": {
        "description": "The DeleteServerCatalog API clears all servers from your server catalog. This means that these servers will no longer be accessible to the Server Migration Service.",
        "operationId": "DeleteServerCatalog",
        "parameters": [
          {
            "in": "body",
            "name": "body",
            "required": true,
            "schema": {
              "$ref": "#/definitions/DeleteServerCatalogRequest"
            }
          }
        ],
        "responses": {
          "200": {
            "description": "Success",
            "schema": {
              "$ref": "#/definitions/DeleteServerCatalogResponse"
            }
          },
          "480": {
            "description": "UnauthorizedOperationException",
            "schema": {
              "$ref": "#/definitions/UnauthorizedOperationException"
            }
          },
          "481": {
            "description": "OperationNotPermittedException",
            "schema": {
              "$ref": "#/definitions/OperationNotPermittedException"
            }
          },
          "482": {
            "description": "InvalidParameterException",
            "schema": {
              "$ref": "#/definitions/InvalidParameterException"
            }
          },
          "483": {
            "description": "MissingRequiredParameterException",
            "schema": {
              "$ref": "#/definitions/MissingRequiredParameterException"
            }
          }
        }
      }
    },
    "/#DisassociateConnector": {
      "parameters": [
        {
          "$ref": "#/parameters/Action"
        },
        {
          "$ref": "#/parameters/Version"
        },
        {
          "$ref": "#/parameters/X-Amz-Content-Sha256"
        },
        {
          "$ref": "#/parameters/X-Amz-Date"
        },
        {
          "$ref": "#/parameters/X-Amz-Algorithm"
        },
        {
          "$ref": "#/parameters/X-Amz-Credential"
        },
        {
          "$ref": "#/parameters/X-Amz-Security-Token"
        },
        {
          "$ref": "#/parameters/X-Amz-Signature"
        },
        {
          "$ref": "#/parameters/X-Amz-SignedHeaders"
        }
      ],
      "post": {
        "description": "The DisassociateConnector API will disassociate a connector from the Server Migration Service, rendering it unavailable to support replication jobs.",
        "operationId": "DisassociateConnector",
        "parameters": [
          {
            "in": "body",
            "name": "body",
            "required": true,
            "schema": {
              "$ref": "#/definitions/DisassociateConnectorRequest"
            }
          }
        ],
        "responses": {
          "200": {
            "description": "Success",
            "schema": {
              "$ref": "#/definitions/DisassociateConnectorResponse"
            }
          },
          "480": {
            "description": "MissingRequiredParameterException",
            "schema": {
              "$ref": "#/definitions/MissingRequiredParameterException"
            }
          },
          "481": {
            "description": "UnauthorizedOperationException",
            "schema": {
              "$ref": "#/definitions/UnauthorizedOperationException"
            }
          },
          "482": {
            "description": "OperationNotPermittedException",
            "schema": {
              "$ref": "#/definitions/OperationNotPermittedException"
            }
          },
          "483": {
            "description": "InvalidParameterException",
            "schema": {
              "$ref": "#/definitions/InvalidParameterException"
            }
          }
        }
      }
    },
    "/#GetConnectors": {
      "parameters": [
        {
          "$ref": "#/parameters/Action"
        },
        {
          "$ref": "#/parameters/Version"
        },
        {
          "$ref": "#/parameters/X-Amz-Content-Sha256"
        },
        {
          "$ref": "#/parameters/X-Amz-Date"
        },
        {
          "$ref": "#/parameters/X-Amz-Algorithm"
        },
        {
          "$ref": "#/parameters/X-Amz-Credential"
        },
        {
          "$ref": "#/parameters/X-Amz-Security-Token"
        },
        {
          "$ref": "#/parameters/X-Amz-Signature"
        },
        {
          "$ref": "#/parameters/X-Amz-SignedHeaders"
        }
      ],
      "post": {
        "description": "The GetConnectors API returns a list of connectors that are registered with the Server Migration Service.",
        "operationId": "GetConnectors",
        "parameters": [
          {
            "in": "body",
            "name": "body",
            "required": true,
            "schema": {
              "$ref": "#/definitions/GetConnectorsRequest"
            }
          },
          {
            "description": "Pagination limit",
            "in": "query",
            "name": "maxResults",
            "required": false,
            "type": "string"
          },
          {
            "description": "Pagination token",
            "in": "query",
            "name": "nextToken",
            "required": false,
            "type": "string"
          }
        ],
        "responses": {
          "200": {
            "description": "Success",
            "schema": {
              "$ref": "#/definitions/GetConnectorsResponse"
            }
          },
          "480": {
            "description": "UnauthorizedOperationException",
            "schema": {
              "$ref": "#/definitions/UnauthorizedOperationException"
            }
          }
        }
      }
    },
    "/#GetReplicationJobs": {
      "parameters": [
        {
          "$ref": "#/parameters/Action"
        },
        {
          "$ref": "#/parameters/Version"
        },
        {
          "$ref": "#/parameters/X-Amz-Content-Sha256"
        },
        {
          "$ref": "#/parameters/X-Amz-Date"
        },
        {
          "$ref": "#/parameters/X-Amz-Algorithm"
        },
        {
          "$ref": "#/parameters/X-Amz-Credential"
        },
        {
          "$ref": "#/parameters/X-Amz-Security-Token"
        },
        {
          "$ref": "#/parameters/X-Amz-Signature"
        },
        {
          "$ref": "#/parameters/X-Amz-SignedHeaders"
        }
      ],
      "post": {
        "description": "The GetReplicationJobs API will return all of your ReplicationJobs and their details. This API returns a paginated list, that may be consecutively called with nextToken to retrieve all ReplicationJobs.",
        "operationId": "GetReplicationJobs",
        "parameters": [
          {
            "in": "body",
            "name": "body",
            "required": true,
            "schema": {
              "$ref": "#/definitions/GetReplicationJobsRequest"
            }
          },
          {
            "description": "Pagination limit",
            "in": "query",
            "name": "maxResults",
            "required": false,
            "type": "string"
          },
          {
            "description": "Pagination token",
            "in": "query",
            "name": "nextToken",
            "required": false,
            "type": "string"
          }
        ],
        "responses": {
          "200": {
            "description": "Success",
            "schema": {
              "$ref": "#/definitions/GetReplicationJobsResponse"
            }
          },
          "480": {
            "description": "InvalidParameterException",
            "schema": {
              "$ref": "#/definitions/InvalidParameterException"
            }
          },
          "481": {
            "description": "MissingRequiredParameterException",
            "schema": {
              "$ref": "#/definitions/MissingRequiredParameterException"
            }
          },
          "482": {
            "description": "UnauthorizedOperationException",
            "schema": {
              "$ref": "#/definitions/UnauthorizedOperationException"
            }
          }
        }
      }
    },
    "/#GetReplicationRuns": {
      "parameters": [
        {
          "$ref": "#/parameters/Action"
        },
        {
          "$ref": "#/parameters/Version"
        },
        {
          "$ref": "#/parameters/X-Amz-Content-Sha256"
        },
        {
          "$ref": "#/parameters/X-Amz-Date"
        },
        {
          "$ref": "#/parameters/X-Amz-Algorithm"
        },
        {
          "$ref": "#/parameters/X-Amz-Credential"
        },
        {
          "$ref": "#/parameters/X-Amz-Security-Token"
        },
        {
          "$ref": "#/parameters/X-Amz-Signature"
        },
        {
          "$ref": "#/parameters/X-Amz-SignedHeaders"
        }
      ],
      "post": {
        "description": "The GetReplicationRuns API will return all ReplicationRuns for a given ReplicationJob. This API returns a paginated list, that may be consecutively called with nextToken to retrieve all ReplicationRuns for a ReplicationJob.",
        "operationId": "GetReplicationRuns",
        "parameters": [
          {
            "in": "body",
            "name": "body",
            "required": true,
            "schema": {
              "$ref": "#/definitions/GetReplicationRunsRequest"
            }
          },
          {
            "description": "Pagination limit",
            "in": "query",
            "name": "maxResults",
            "required": false,
            "type": "string"
          },
          {
            "description": "Pagination token",
            "in": "query",
            "name": "nextToken",
            "required": false,
            "type": "string"
          }
        ],
        "responses": {
          "200": {
            "description": "Success",
            "schema": {
              "$ref": "#/definitions/GetReplicationRunsResponse"
            }
          },
          "480": {
            "description": "InvalidParameterException",
            "schema": {
              "$ref": "#/definitions/InvalidParameterException"
            }
          },
          "481": {
            "description": "MissingRequiredParameterException",
            "schema": {
              "$ref": "#/definitions/MissingRequiredParameterException"
            }
          },
          "482": {
            "description": "UnauthorizedOperationException",
            "schema": {
              "$ref": "#/definitions/UnauthorizedOperationException"
            }
          }
        }
      }
    },
    "/#GetServers": {
      "parameters": [
        {
          "$ref": "#/parameters/Action"
        },
        {
          "$ref": "#/parameters/Version"
        },
        {
          "$ref": "#/parameters/X-Amz-Content-Sha256"
        },
        {
          "$ref": "#/parameters/X-Amz-Date"
        },
        {
          "$ref": "#/parameters/X-Amz-Algorithm"
        },
        {
          "$ref": "#/parameters/X-Amz-Credential"
        },
        {
          "$ref": "#/parameters/X-Amz-Security-Token"
        },
        {
          "$ref": "#/parameters/X-Amz-Signature"
        },
        {
          "$ref": "#/parameters/X-Amz-SignedHeaders"
        }
      ],
      "post": {
        "description": "The GetServers API returns a list of all servers in your server catalog. For this call to succeed, you must previously have called ImportServerCatalog.",
        "operationId": "GetServers",
        "parameters": [
          {
            "in": "body",
            "name": "body",
            "required": true,
            "schema": {
              "$ref": "#/definitions/GetServersRequest"
            }
          },
          {
            "description": "Pagination limit",
            "in": "query",
            "name": "maxResults",
            "required": false,
            "type": "string"
          },
          {
            "description": "Pagination token",
            "in": "query",
            "name": "nextToken",
            "required": false,
            "type": "string"
          }
        ],
        "responses": {
          "200": {
            "description": "Success",
            "schema": {
              "$ref": "#/definitions/GetServersResponse"
            }
          },
          "480": {
            "description": "UnauthorizedOperationException",
            "schema": {
              "$ref": "#/definitions/UnauthorizedOperationException"
            }
          }
        }
      }
    },
    "/#ImportServerCatalog": {
      "parameters": [
        {
          "$ref": "#/parameters/Action"
        },
        {
          "$ref": "#/parameters/Version"
        },
        {
          "$ref": "#/parameters/X-Amz-Content-Sha256"
        },
        {
          "$ref": "#/parameters/X-Amz-Date"
        },
        {
          "$ref": "#/parameters/X-Amz-Algorithm"
        },
        {
          "$ref": "#/parameters/X-Amz-Credential"
        },
        {
          "$ref": "#/parameters/X-Amz-Security-Token"
        },
        {
          "$ref": "#/parameters/X-Amz-Signature"
        },
        {
          "$ref": "#/parameters/X-Amz-SignedHeaders"
        }
      ],
      "post": {
        "description": "The ImportServerCatalog API is used to gather the complete list of on-premises servers on your premises. This API call requires connectors to be installed and monitoring all servers you would like imported. This API call returns immediately, but may take some time to retrieve all of the servers.",
        "operationId": "ImportServerCatalog",
        "parameters": [
          {
            "in": "body",
            "name": "body",
            "required": true,
            "schema": {
              "$ref": "#/definitions/ImportServerCatalogRequest"
            }
          }
        ],
        "responses": {
          "200": {
            "description": "Success",
            "schema": {
              "$ref": "#/definitions/ImportServerCatalogResponse"
            }
          },
          "480": {
            "description": "UnauthorizedOperationException",
            "schema": {
              "$ref": "#/definitions/UnauthorizedOperationException"
            }
          },
          "481": {
            "description": "OperationNotPermittedException",
            "schema": {
              "$ref": "#/definitions/OperationNotPermittedException"
            }
          },
          "482": {
            "description": "InvalidParameterException",
            "schema": {
              "$ref": "#/definitions/InvalidParameterException"
            }
          },
          "483": {
            "description": "MissingRequiredParameterException",
            "schema": {
              "$ref": "#/definitions/MissingRequiredParameterException"
            }
          },
          "484": {
            "description": "NoConnectorsAvailableException",
            "schema": {
              "$ref": "#/definitions/NoConnectorsAvailableException"
            }
          }
        }
      }
    },
    "/#StartOnDemandReplicationRun": {
      "parameters": [
        {
          "$ref": "#/parameters/Action"
        },
        {
          "$ref": "#/parameters/Version"
        },
        {
          "$ref": "#/parameters/X-Amz-Content-Sha256"
        },
        {
          "$ref": "#/parameters/X-Amz-Date"
        },
        {
          "$ref": "#/parameters/X-Amz-Algorithm"
        },
        {
          "$ref": "#/parameters/X-Amz-Credential"
        },
        {
          "$ref": "#/parameters/X-Amz-Security-Token"
        },
        {
          "$ref": "#/parameters/X-Amz-Signature"
        },
        {
          "$ref": "#/parameters/X-Amz-SignedHeaders"
        }
      ],
      "post": {
        "description": "The StartOnDemandReplicationRun API is used to start a ReplicationRun on demand (in addition to those that are scheduled based on your frequency). This ReplicationRun will start immediately. StartOnDemandReplicationRun is subject to limits on how many on demand ReplicationRuns you may call per 24-hour period.",
        "operationId": "StartOnDemandReplicationRun",
        "parameters": [
          {
            "in": "body",
            "name": "body",
            "required": true,
            "schema": {
              "$ref": "#/definitions/StartOnDemandReplicationRunRequest"
            }
          }
        ],
        "responses": {
          "200": {
            "description": "Success",
            "schema": {
              "$ref": "#/definitions/StartOnDemandReplicationRunResponse"
            }
          },
          "480": {
            "description": "InvalidParameterException",
            "schema": {
              "$ref": "#/definitions/InvalidParameterException"
            }
          },
          "481": {
            "description": "MissingRequiredParameterException",
            "schema": {
              "$ref": "#/definitions/MissingRequiredParameterException"
            }
          },
          "482": {
            "description": "UnauthorizedOperationException",
            "schema": {
              "$ref": "#/definitions/UnauthorizedOperationException"
            }
          },
          "483": {
            "description": "OperationNotPermittedException",
            "schema": {
              "$ref": "#/definitions/OperationNotPermittedException"
            }
          },
          "484": {
            "description": "ReplicationRunLimitExceededException",
            "schema": {
              "$ref": "#/definitions/ReplicationRunLimitExceededException"
            }
          }
        }
      }
    },
    "/#UpdateReplicationJob": {
      "parameters": [
        {
          "$ref": "#/parameters/Action"
        },
        {
          "$ref": "#/parameters/Version"
        },
        {
          "$ref": "#/parameters/X-Amz-Content-Sha256"
        },
        {
          "$ref": "#/parameters/X-Amz-Date"
        },
        {
          "$ref": "#/parameters/X-Amz-Algorithm"
        },
        {
          "$ref": "#/parameters/X-Amz-Credential"
        },
        {
          "$ref": "#/parameters/X-Amz-Security-Token"
        },
        {
          "$ref": "#/parameters/X-Amz-Signature"
        },
        {
          "$ref": "#/parameters/X-Amz-SignedHeaders"
        }
      ],
      "post": {
        "description": "The UpdateReplicationJob API is used to change the settings of your existing ReplicationJob created using CreateReplicationJob. Calling this API will affect the next scheduled ReplicationRun.",
        "operationId": "UpdateReplicationJob",
        "parameters": [
          {
            "in": "body",
            "name": "body",
            "required": true,
            "schema": {
              "$ref": "#/definitions/UpdateReplicationJobRequest"
            }
          }
        ],
        "responses": {
          "200": {
            "description": "Success",
            "schema": {
              "$ref": "#/definitions/UpdateReplicationJobResponse"
            }
          },
          "480": {
            "description": "InvalidParameterException",
            "schema": {
              "$ref": "#/definitions/InvalidParameterException"
            }
          },
          "481": {
            "description": "MissingRequiredParameterException",
            "schema": {
              "$ref": "#/definitions/MissingRequiredParameterException"
            }
          },
          "482": {
            "description": "OperationNotPermittedException",
            "schema": {
              "$ref": "#/definitions/OperationNotPermittedException"
            }
          },
          "483": {
            "description": "UnauthorizedOperationException",
            "schema": {
              "$ref": "#/definitions/UnauthorizedOperationException"
            }
          },
          "484": {
            "description": "ServerCannotBeReplicatedException",
            "schema": {
              "$ref": "#/definitions/ServerCannotBeReplicatedException"
            }
          },
          "485": {
            "description": "ReplicationJobNotFoundException",
            "schema": {
              "$ref": "#/definitions/ReplicationJobNotFoundException"
            }
          },
          "486": {
            "description": "InternalError",
            "schema": {
              "$ref": "#/definitions/InternalError"
            }
          }
        }
      }
    }
  },
  "definitions": {
    "AmiId": {
      "description": "The AMI id for the image resulting from a Replication Run.",
      "type": "string"
    },
    "Connector": {
      "description": "Object representing a Connector",
      "properties": {
        "associatedOn": {
          "$ref": "#/definitions/Timestamp"
        },
        "capabilityList": {
          "$ref": "#/definitions/ConnectorCapabilityList"
        },
        "connectorId": {
          "$ref": "#/definitions/ConnectorId"
        },
        "ipAddress": {
          "$ref": "#/definitions/IpAddress"
        },
        "macAddress": {
          "$ref": "#/definitions/MacAddress"
        },
        "status": {
          "$ref": "#/definitions/ConnectorStatus"
        },
        "version": {
          "$ref": "#/definitions/ConnectorVersion"
        },
        "vmManagerId": {
          "$ref": "#/definitions/VmManagerId"
        },
        "vmManagerName": {
          "$ref": "#/definitions/VmManagerName"
        },
        "vmManagerType": {
          "$ref": "#/definitions/VmManagerType"
        }
      },
      "type": "object"
    },
    "ConnectorCapability": {
      "description": "Capabilities for a Connector",
      "enum": [
        "VSPHERE"
      ],
      "type": "string"
    },
    "ConnectorCapabilityList": {
      "description": "List of Connector Capabilities",
      "items": {
        "$ref": "#/definitions/ConnectorCapability"
      },
      "type": "array"
    },
    "ConnectorId": {
      "description": "Unique Identifier for Connector",
      "type": "string"
    },
    "ConnectorList": {
      "description": "List of connectors",
      "items": {
        "$ref": "#/definitions/Connector"
      },
      "type": "array"
    },
    "ConnectorStatus": {
      "description": "Status of on-premise Connector",
      "enum": [
        "HEALTHY",
        "UNHEALTHY"
      ],
      "type": "string"
    },
    "ConnectorVersion": {
      "description": "Connector version string",
      "type": "string"
    },
    "CreateReplicationJobRequest": {
      "properties": {
        "description": {
          "$ref": "#/definitions/Description"
        },
        "frequency": {
          "$ref": "#/definitions/Frequency"
        },
        "licenseType": {
          "$ref": "#/definitions/LicenseType"
        },
        "roleName": {
          "$ref": "#/definitions/RoleName"
        },
        "seedReplicationTime": {
          "$ref": "#/definitions/Timestamp"
        },
        "serverId": {
          "$ref": "#/definitions/ServerId"
        }
      },
      "required": [
        "serverId",
        "seedReplicationTime",
        "frequency"
      ],
      "type": "object"
    },
    "CreateReplicationJobResponse": {
      "properties": {
        "replicationJobId": {
          "$ref": "#/definitions/ReplicationJobId"
        }
      },
      "type": "object"
    },
    "DeleteReplicationJobRequest": {
      "properties": {
        "replicationJobId": {
          "$ref": "#/definitions/ReplicationJobId"
        }
      },
      "required": [
        "replicationJobId"
      ],
      "type": "object"
    },
    "DeleteReplicationJobResponse": {
      "properties": {},
      "type": "object"
    },
    "DeleteServerCatalogRequest": {
      "properties": {},
      "type": "object"
    },
    "DeleteServerCatalogResponse": {
      "properties": {},
      "type": "object"
    },
    "Description": {
      "description": "The description for a Replication Job/Run.",
      "type": "string"
    },
    "DisassociateConnectorRequest": {
      "properties": {
        "connectorId": {
          "$ref": "#/definitions/ConnectorId"
        }
      },
      "required": [
        "connectorId"
      ],
      "type": "object"
    },
    "DisassociateConnectorResponse": {
      "properties": {},
      "type": "object"
    },
    "ErrorMessage": {
      "description": "Error Message string",
      "type": "string"
    },
    "Frequency": {
      "description": "Interval between Replication Runs. This value is specified in hours, and represents the time between consecutive Replication Runs.",
      "type": "integer"
    },
    "GetConnectorsRequest": {
      "properties": {
        "maxResults": {
          "$ref": "#/definitions/MaxResults"
        },
        "nextToken": {
          "$ref": "#/definitions/NextToken"
        }
      },
      "type": "object"
    },
    "GetConnectorsResponse": {
      "properties": {
        "connectorList": {
          "$ref": "#/definitions/ConnectorList"
        },
        "nextToken": {
          "$ref": "#/definitions/NextToken"
        }
      },
      "type": "object"
    },
    "GetReplicationJobsRequest": {
      "properties": {
        "maxResults": {
          "$ref": "#/definitions/MaxResults"
        },
        "nextToken": {
          "$ref": "#/definitions/NextToken"
        },
        "replicationJobId": {
          "$ref": "#/definitions/ReplicationJobId"
        }
      },
      "type": "object"
    },
    "GetReplicationJobsResponse": {
      "properties": {
        "nextToken": {
          "$ref": "#/definitions/NextToken"
        },
        "replicationJobList": {
          "$ref": "#/definitions/ReplicationJobList"
        }
      },
      "type": "object"
    },
    "GetReplicationRunsRequest": {
      "properties": {
        "maxResults": {
          "$ref": "#/definitions/MaxResults"
        },
        "nextToken": {
          "$ref": "#/definitions/NextToken"
        },
        "replicationJobId": {
          "$ref": "#/definitions/ReplicationJobId"
        }
      },
      "required": [
        "replicationJobId"
      ],
      "type": "object"
    },
    "GetReplicationRunsResponse": {
      "properties": {
        "nextToken": {
          "$ref": "#/definitions/NextToken"
        },
        "replicationJob": {
          "$ref": "#/definitions/ReplicationJob"
        },
        "replicationRunList": {
          "$ref": "#/definitions/ReplicationRunList"
        }
      },
      "type": "object"
    },
    "GetServersRequest": {
      "properties": {
        "maxResults": {
          "$ref": "#/definitions/MaxResults"
        },
        "nextToken": {
          "$ref": "#/definitions/NextToken"
        }
      },
      "type": "object"
    },
    "GetServersResponse": {
      "properties": {
        "lastModifiedOn": {
          "$ref": "#/definitions/Timestamp"
        },
        "nextToken": {
          "$ref": "#/definitions/NextToken"
        },
        "serverCatalogStatus": {
          "$ref": "#/definitions/ServerCatalogStatus"
        },
        "serverList": {
          "$ref": "#/definitions/ServerList"
        }
      },
      "type": "object"
    },
    "ImportServerCatalogRequest": {
      "properties": {},
      "type": "object"
    },
    "ImportServerCatalogResponse": {
      "properties": {},
      "type": "object"
    },
    "InternalError": {
      "description": "An internal error has occured.",
      "properties": {
        "message": {
          "$ref": "#/definitions/ErrorMessage"
        }
      },
      "type": "object"
    },
    "InvalidParameterException": {
      "description": "A parameter specified in the request is not valid, is unsupported, or cannot be used.",
      "properties": {
        "message": {
          "$ref": "#/definitions/ErrorMessage"
        }
      },
      "type": "object"
    },
    "IpAddress": {
      "description": "Internet Protocol (IP) Address",
      "type": "string"
    },
    "LicenseType": {
      "description": "The license type to be used for the Amazon Machine Image (AMI) created after a successful ReplicationRun.",
      "enum": [
        "AWS",
        "BYOL"
      ],
      "type": "string"
    },
    "MacAddress": {
      "description": "Hardware (MAC) address",
      "type": "string"
    },
    "MaxResults": {
      "description": "The maximum number of results to return in one API call. If left empty, this will default to 50.",
      "type": "integer"
    },
    "MissingRequiredParameterException": {
      "description": "The request is missing a required parameter. Ensure that you have supplied all the required parameters for the request.",
      "properties": {
        "message": {
          "$ref": "#/definitions/ErrorMessage"
        }
      },
      "type": "object"
    },
    "NextToken": {
      "description": "Pagination token to pass as input to API call",
      "type": "string"
    },
    "NoConnectorsAvailableException": {
      "description": "No connectors are available to handle this request. Please associate connector(s) and verify any existing connectors are healthy and can respond to requests.",
      "properties": {
        "message": {
          "$ref": "#/definitions/ErrorMessage"
        }
      },
      "type": "object"
    },
    "OperationNotPermittedException": {
      "description": "The specified operation is not allowed. This error can occur for a number of reasons; for example, you might be trying to start a Replication Run before seed Replication Run.",
      "properties": {
        "message": {
          "$ref": "#/definitions/ErrorMessage"
        }
      },
      "type": "object"
    },
    "ReplicationJob": {
      "description": "Object representing a Replication Job",
      "properties": {
        "description": {
          "$ref": "#/definitions/Description"
        },
        "frequency": {
          "$ref": "#/definitions/Frequency"
        },
        "latestAmiId": {
          "$ref": "#/definitions/AmiId"
        },
        "licenseType": {
          "$ref": "#/definitions/LicenseType"
        },
        "nextReplicationRunStartTime": {
          "$ref": "#/definitions/Timestamp"
        },
        "replicationJobId": {
          "$ref": "#/definitions/ReplicationJobId"
        },
        "replicationRunList": {
          "$ref": "#/definitions/ReplicationRunList"
        },
        "roleName": {
          "$ref": "#/definitions/RoleName"
        },
        "seedReplicationTime": {
          "$ref": "#/definitions/Timestamp"
        },
        "serverId": {
          "$ref": "#/definitions/ServerId"
        },
        "serverType": {
          "$ref": "#/definitions/ServerType"
        },
        "state": {
          "$ref": "#/definitions/ReplicationJobState"
        },
        "statusMessage": {
          "$ref": "#/definitions/ReplicationJobStatusMessage"
        },
        "vmServer": {
          "$ref": "#/definitions/VmServer"
        }
      },
      "type": "object"
    },
    "ReplicationJobAlreadyExistsException": {
      "description": "An active Replication Job already exists for the specified server.",
      "properties": {
        "message": {
          "$ref": "#/definitions/ErrorMessage"
        }
      },
      "type": "object"
    },
    "ReplicationJobId": {
      "description": "The unique identifier for a Replication Job.",
      "type": "string"
    },
    "ReplicationJobList": {
      "description": "List of Replication Jobs",
      "items": {
        "$ref": "#/definitions/ReplicationJob"
      },
      "type": "array"
    },
    "ReplicationJobNotFoundException": {
      "description": "The specified Replication Job cannot be found.",
      "properties": {
        "message": {
          "$ref": "#/definitions/ErrorMessage"
        }
      },
      "type": "object"
    },
    "ReplicationJobState": {
      "description": "Current state of Replication Job",
      "enum": [
        "PENDING",
        "ACTIVE",
        "FAILED",
        "DELETING",
        "DELETED"
      ],
      "type": "string"
    },
    "ReplicationJobStatusMessage": {
      "description": "String describing current status of Replication Job",
      "type": "string"
    },
    "ReplicationJobTerminated": {
      "description": "An indicator of the Replication Job being deleted or failed.",
      "type": "boolean"
    },
    "ReplicationRun": {
      "description": "Object representing a Replication Run",
      "properties": {
        "amiId": {
          "$ref": "#/definitions/AmiId"
        },
        "completedTime": {
          "$ref": "#/definitions/Timestamp"
        },
        "description": {
          "$ref": "#/definitions/Description"
        },
        "replicationRunId": {
          "$ref": "#/definitions/ReplicationRunId"
        },
        "scheduledStartTime": {
          "$ref": "#/definitions/Timestamp"
        },
        "state": {
          "$ref": "#/definitions/ReplicationRunState"
        },
        "statusMessage": {
          "$ref": "#/definitions/ReplicationRunStatusMessage"
        },
        "type": {
          "$ref": "#/definitions/ReplicationRunType"
        }
      },
      "type": "object"
    },
    "ReplicationRunId": {
      "description": "The unique identifier for a Replication Run.",
      "type": "string"
    },
    "ReplicationRunLimitExceededException": {
      "description": "This user has exceeded the maximum allowed Replication Run limit.",
      "properties": {
        "message": {
          "$ref": "#/definitions/ErrorMessage"
        }
      },
      "type": "object"
    },
    "ReplicationRunList": {
      "description": "List of Replication Runs",
      "items": {
        "$ref": "#/definitions/ReplicationRun"
      },
      "type": "array"
    },
    "ReplicationRunState": {
      "description": "Current state of Replication Run",
      "enum": [
        "PENDING",
        "MISSED",
        "ACTIVE",
        "FAILED",
        "COMPLETED",
        "DELETING",
        "DELETED"
      ],
      "type": "string"
    },
    "ReplicationRunStatusMessage": {
      "description": "String describing current status of Replication Run",
      "type": "string"
    },
    "ReplicationRunType": {
      "description": "Type of Replication Run",
      "enum": [
        "ON_DEMAND",
        "AUTOMATIC"
      ],
      "type": "string"
    },
    "RoleName": {
      "description": "Name of service role in customer's account to be used by SMS service.",
      "type": "string"
    },
    "Server": {
      "description": "Object representing a server",
      "properties": {
        "replicationJobId": {
          "$ref": "#/definitions/ReplicationJobId"
        },
        "replicationJobTerminated": {
          "$ref": "#/definitions/ReplicationJobTerminated"
        },
        "serverId": {
          "$ref": "#/definitions/ServerId"
        },
        "serverType": {
          "$ref": "#/definitions/ServerType"
        },
        "vmServer": {
          "$ref": "#/definitions/VmServer"
        }
      },
      "type": "object"
    },
    "ServerCannotBeReplicatedException": {
      "description": "The provided server cannot be replicated.",
      "properties": {
        "message": {
          "$ref": "#/definitions/ErrorMessage"
        }
      },
      "type": "object"
    },
    "ServerCatalogStatus": {
      "description": "Status of Server catalog",
      "enum": [
        "NOT_IMPORTED",
        "IMPORTING",
        "AVAILABLE",
        "DELETED",
        "EXPIRED"
      ],
      "type": "string"
    },
    "ServerId": {
      "description": "Unique Identifier for a server",
      "type": "string"
    },
    "ServerList": {
      "description": "List of servers from catalog",
      "items": {
        "$ref": "#/definitions/Server"
      },
      "type": "array"
    },
    "ServerType": {
      "description": "Type of server.",
      "enum": [
        "VIRTUAL_MACHINE"
      ],
      "type": "string"
    },
    "StartOnDemandReplicationRunRequest": {
      "properties": {
        "description": {
          "$ref": "#/definitions/Description"
        },
        "replicationJobId": {
          "$ref": "#/definitions/ReplicationJobId"
        }
      },
      "required": [
        "replicationJobId"
      ],
      "type": "object"
    },
    "StartOnDemandReplicationRunResponse": {
      "properties": {
        "replicationRunId": {
          "$ref": "#/definitions/ReplicationRunId"
        }
      },
      "type": "object"
    },
    "Timestamp": {
      "description": "Timestamp of an operation",
      "format": "date-time",
      "type": "string"
    },
    "UnauthorizedOperationException": {
      "description": "This user does not have permissions to perform this operation.",
      "properties": {
        "message": {
          "$ref": "#/definitions/ErrorMessage"
        }
      },
      "type": "object"
    },
    "UpdateReplicationJobRequest": {
      "properties": {
        "description": {
          "$ref": "#/definitions/Description"
        },
        "frequency": {
          "$ref": "#/definitions/Frequency"
        },
        "licenseType": {
          "$ref": "#/definitions/LicenseType"
        },
        "nextReplicationRunStartTime": {
          "$ref": "#/definitions/Timestamp"
        },
        "replicationJobId": {
          "$ref": "#/definitions/ReplicationJobId"
        },
        "roleName": {
          "$ref": "#/definitions/RoleName"
        }
      },
      "required": [
        "replicationJobId"
      ],
      "type": "object"
    },
    "UpdateReplicationJobResponse": {
      "properties": {},
      "type": "object"
    },
    "VmId": {
      "description": "Unique Identifier for a VM",
      "type": "string"
    },
    "VmManagerId": {
      "description": "Unique Identifier for VM Manager",
      "type": "string"
    },
    "VmManagerName": {
      "description": "VM Manager Name",
      "type": "string"
    },
    "VmManagerType": {
      "description": "VM Management Product",
      "enum": [
        "VSPHERE"
      ],
      "type": "string"
    },
    "VmName": {
      "description": "Name of Virtual Machine",
      "type": "string"
    },
    "VmPath": {
      "description": "Path to VM",
      "type": "string"
    },
    "VmServer": {
      "description": "Object representing a VM server",
      "properties": {
        "vmManagerName": {
          "$ref": "#/definitions/VmManagerName"
        },
        "vmManagerType": {
          "$ref": "#/definitions/VmManagerType"
        },
        "vmName": {
          "$ref": "#/definitions/VmName"
        },
        "vmPath": {
          "$ref": "#/definitions/VmPath"
        },
        "vmServerAddress": {
          "$ref": "#/definitions/VmServerAddress"
        }
      },
      "type": "object"
    },
    "VmServerAddress": {
      "description": "Object representing a server's location",
      "properties": {
        "vmId": {
          "$ref": "#/definitions/VmId"
        },
        "vmManagerId": {
          "$ref": "#/definitions/VmManagerId"
        }
      },
      "type": "object"
    }
  }
}
