{
  "swagger": "2.0",
  "schemes": [
    "https"
  ],
  "host": "api.apitore.com",
  "basePath": "/api/20",
  "info": {
    "description": "Url to label by tfidf of contents.<BR />[Endpoint] https://api.apitore.com/api/20",
    "title": "Url2Label by tfidf APIs",
    "version": "0.0.1",
    "x-description-language": "jp",
    "x-logo": {
      "url": "https://api.apis.guru/v2/cache/logo/https_apitore.com_img_apis_20.jpg"
    },
    "x-origin": [
      {
        "format": "swagger",
        "url": "https://api.apitore.com/json/20",
        "version": "2.0"
      }
    ],
    "x-preferred": true,
    "x-providerName": "apitore.com",
    "x-serviceName": "url2labelByTfidfApis"
  },
  "consumes": [
    "application/json"
  ],
  "produces": [
    "application/json"
  ],
  "tags": [
    {
      "description": "Url 2 Label By Tfidf Controller",
      "name": "url-2-label-by-tfidf-controller"
    }
  ],
  "paths": {
    "/url2label-tfidf/get": {
      "get": {
        "description": "Url2Label by tfidf.<BR />Response<BR />&nbsp; Github: <a href=\"https://github.com/keigohtr/apitore-response-parent/tree/master/summarize-response\">summarize-response</a><BR />&nbsp; Class: com.apitore.banana.response.summarize.LabelResponseEntity<BR />",
        "operationId": "getUsingGET_3",
        "parameters": [
          {
            "description": "Access Token",
            "in": "query",
            "name": "access_token",
            "required": true,
            "type": "string"
          },
          {
            "description": "url",
            "in": "query",
            "name": "url",
            "required": true,
            "type": "string"
          },
          {
            "default": 1,
            "description": "num [max 10, default 1]",
            "format": "int32",
            "in": "query",
            "name": "num",
            "required": false,
            "type": "integer"
          }
        ],
        "responses": {
          "200": {
            "description": "OK",
            "schema": {
              "$ref": "#/definitions/LabelResponseEntity"
            }
          },
          "401": {
            "description": "Unauthorized"
          },
          "403": {
            "description": "Forbidden"
          },
          "404": {
            "description": "Not Found"
          }
        },
        "summary": "Get labels from URL",
        "tags": [
          "url-2-label-by-tfidf-controller"
        ]
      }
    }
  },
  "definitions": {
    "LabelEntity": {
      "properties": {
        "label": {
          "description": "label",
          "type": "string"
        },
        "score": {
          "description": "tfidf score",
          "format": "double",
          "type": "number"
        }
      },
      "required": [
        "label",
        "score"
      ],
      "type": "object"
    },
    "LabelResponseEntity": {
      "properties": {
        "endTime": {
          "description": "End date",
          "type": "string"
        },
        "input": {
          "description": "Input word",
          "type": "string"
        },
        "labels": {
          "description": "Distances",
          "items": {
            "$ref": "#/definitions/LabelEntity"
          },
          "type": "array"
        },
        "log": {
          "description": "Log message",
          "type": "string"
        },
        "num": {
          "description": "Input num",
          "type": "string"
        },
        "processTime": {
          "description": "Process time [millisecond]",
          "type": "string"
        },
        "startTime": {
          "description": "Start date",
          "type": "string"
        }
      },
      "required": [
        "endTime",
        "input",
        "log",
        "num",
        "processTime",
        "startTime"
      ],
      "type": "object"
    }
  }
}
