{
  "swagger": "2.0",
  "schemes": [
    "https"
  ],
  "host": "api.apitore.com",
  "basePath": "/api/7",
  "info": {
    "description": "Kuromoji: japanese morphological analyzer.<BR />[Endpoint] https://api.apitore.com/api/7",
    "title": "Kuromoji APIs",
    "version": "1.0.0",
    "x-description-language": "jp",
    "x-logo": {
      "url": "https://api.apis.guru/v2/cache/logo/https_apitore.com_img_apis_7.jpg"
    },
    "x-origin": [
      {
        "format": "swagger",
        "url": "https://api.apitore.com/json/7",
        "version": "2.0"
      }
    ],
    "x-preferred": true,
    "x-providerName": "apitore.com",
    "x-serviceName": "kuromojiApis"
  },
  "consumes": [
    "application/json"
  ],
  "produces": [
    "application/json"
  ],
  "tags": [
    {
      "description": "Kuromoji Ipadic Neologd Controller",
      "name": "kuromoji-ipadic-neologd-controller"
    },
    {
      "description": "Kuromoji Ipadic Controller",
      "name": "kuromoji-ipadic-controller"
    }
  ],
  "paths": {
    "/kuromoji-ipadic-neologd/tokenize": {
      "get": {
        "description": "Kuromoji IPADIC NEologd dictionary.<BR />Response<BR />&nbsp; Github: <a href=\"https://github.com/keigohtr/apitore-response-parent/tree/master/kuromoji-response\">kuromoji-response</a><BR />&nbsp; Class: com.apitore.banana.response.com.atilika.kuromoji.TokenResponseEntity<BR />",
        "operationId": "tokenizeUsingGET_1",
        "parameters": [
          {
            "description": "Access Token",
            "in": "query",
            "name": "access_token",
            "required": true,
            "type": "string"
          },
          {
            "description": "Text [up to 400 characters]",
            "in": "query",
            "name": "text",
            "required": true,
            "type": "string"
          }
        ],
        "responses": {
          "200": {
            "description": "OK",
            "schema": {
              "$ref": "#/definitions/TokenResponseEntity"
            }
          },
          "401": {
            "description": "Unauthorized"
          },
          "403": {
            "description": "Forbidden"
          },
          "404": {
            "description": "Not Found"
          }
        },
        "summary": "Kuromoji IPADIC NEologd",
        "tags": [
          "kuromoji-ipadic-neologd-controller"
        ]
      }
    },
    "/kuromoji-ipadic/tokenize": {
      "get": {
        "description": "Kuromoji IPADIC dictionary.<BR />Response<BR />&nbsp; Github: <a href=\"https://github.com/keigohtr/apitore-response-parent/tree/master/kuromoji-response\">kuromoji-response</a><BR />&nbsp; Class: com.apitore.banana.response.com.atilika.kuromoji.TokenResponseEntity<BR />",
        "operationId": "tokenizeUsingGET",
        "parameters": [
          {
            "description": "Access Token",
            "in": "query",
            "name": "access_token",
            "required": true,
            "type": "string"
          },
          {
            "description": "Text [up to 400 characters]",
            "in": "query",
            "name": "text",
            "required": true,
            "type": "string"
          }
        ],
        "responses": {
          "200": {
            "description": "OK",
            "schema": {
              "$ref": "#/definitions/TokenResponseEntity"
            }
          },
          "401": {
            "description": "Unauthorized"
          },
          "403": {
            "description": "Forbidden"
          },
          "404": {
            "description": "Not Found"
          }
        },
        "summary": "Kuromoji IPADIC",
        "tags": [
          "kuromoji-ipadic-controller"
        ]
      }
    }
  },
  "definitions": {
    "TokenEntity": {
      "properties": {
        "allFeatures": {
          "description": "All features",
          "type": "string"
        },
        "allFeaturesArray": {
          "description": "All features array",
          "items": {
            "type": "string"
          },
          "type": "array"
        },
        "baseForm": {
          "description": "Base form",
          "type": "string"
        },
        "conjugationForm": {
          "description": "Conjugation form",
          "type": "string"
        },
        "conjugationType": {
          "description": "Conjugation type",
          "type": "string"
        },
        "known": {
          "description": "Known",
          "example": false,
          "type": "boolean"
        },
        "partOfSpeechLevel1": {
          "description": "Part of speech level1",
          "type": "string"
        },
        "partOfSpeechLevel2": {
          "description": "Part of speech level2",
          "type": "string"
        },
        "partOfSpeechLevel3": {
          "description": "Part of speech level3",
          "type": "string"
        },
        "partOfSpeechLevel4": {
          "description": "Part of speech level4",
          "type": "string"
        },
        "position": {
          "description": "Position",
          "format": "int32",
          "type": "integer"
        },
        "pronunciation": {
          "description": "Pronunciation",
          "type": "string"
        },
        "reading": {
          "description": "Reading",
          "type": "string"
        },
        "surface": {
          "description": "Surface",
          "type": "string"
        }
      },
      "required": [
        "allFeatures",
        "allFeaturesArray",
        "baseForm",
        "conjugationForm",
        "conjugationType",
        "known",
        "partOfSpeechLevel1",
        "partOfSpeechLevel2",
        "partOfSpeechLevel3",
        "partOfSpeechLevel4",
        "position",
        "pronunciation",
        "reading",
        "surface"
      ],
      "type": "object"
    },
    "TokenResponseEntity": {
      "properties": {
        "endTime": {
          "description": "End date",
          "type": "string"
        },
        "log": {
          "description": "Log message",
          "type": "string"
        },
        "processTime": {
          "description": "Process time [millisecond]",
          "type": "string"
        },
        "startTime": {
          "description": "Start date",
          "type": "string"
        },
        "tokens": {
          "description": "Tokens",
          "items": {
            "$ref": "#/definitions/TokenEntity"
          },
          "type": "array"
        }
      },
      "required": [
        "endTime",
        "log",
        "processTime",
        "startTime"
      ],
      "type": "object"
    }
  }
}
