{
  "swagger": "2.0",
  "schemes": [
    "https"
  ],
  "host": "connect.authentiq.io",
  "basePath": "/",
  "info": {
    "contact": {
      "email": "hello@authentiq.com",
      "name": "Team Authentiq",
      "url": "https://www.authentiq.com/"
    },
    "description": "Authentiq Connect OAuth 2.0 and OpenID Connect API reference.\nLearn about [Authentiq ID](https://www.authentiq.com/) or check out the [Authentiq Connect](https://developers.authentiq.com) developer documentation.\n",
    "termsOfService": "https://www.authentiq.com/tos/",
    "title": "Authentiq Connect",
    "version": "1.0",
    "x-logo": {
      "backgroundColor": "#F26641",
      "url": "https://api.apis.guru/v2/cache/logo/https_www.authentiq.com_theme_images_authentiq-logo-a-inverse.svg"
    },
    "x-origin": [
      {
        "format": "swagger",
        "url": "https://raw.githubusercontent.com/AuthentiqID/authentiq-docs/master/docs/swagger/provider.yaml",
        "version": "2.0"
      }
    ],
    "x-preferred": true,
    "x-providerName": "authentiq.io"
  },
  "externalDocs": {
    "description": "Authentiq Developer Docs",
    "url": "https://developers.authentiq.com/"
  },
  "consumes": [
    "application/x-www-form-urlencoded",
    "application/json"
  ],
  "produces": [
    "application/x-www-form-urlencoded",
    "application/json",
    "application/problem+json",
    "text/html"
  ],
  "securityDefinitions": {
    "client_registration_token": {
      "description": "Client management via registration token.",
      "in": "header",
      "name": "Authorization",
      "type": "apiKey"
    },
    "client_secret": {
      "description": "Session management by confidential clients.",
      "flow": "password",
      "scopes": {
        "clients": "Enable client management"
      },
      "tokenUrl": "https://connect.authentiq.io/token",
      "type": "oauth2"
    },
    "oauth_code": {
      "authorizationUrl": "https://connect.authentiq.io/authorize",
      "description": "End-user authentication.",
      "flow": "accessCode",
      "scopes": {
        "address": "The user's postal address",
        "aq:location": "The user's current location",
        "aq:name": "The user's full name",
        "aq:push": "Enable *One click sign-in*",
        "email": "The user's email address",
        "oidc": "Enable OIDC flow",
        "phone": "The user's phone number"
      },
      "tokenUrl": "https://connect.authentiq.io/token",
      "type": "oauth2"
    },
    "oauth_implicit": {
      "authorizationUrl": "https://connect.authentiq.io/authorize",
      "description": "End-user authentication.",
      "flow": "implicit",
      "scopes": {
        "address": "The user's postal address",
        "aq:location": "The user's current location",
        "aq:name": "The user's full name",
        "aq:push": "Enable *One click sign-in*",
        "email": "The user's email address",
        "oidc": "Enable OIDC flow",
        "phone": "The user's phone number"
      },
      "type": "oauth2"
    },
    "user_jwt": {
      "description": "Session management by Authentiq ID.",
      "flow": "application",
      "scopes": {
        "session": "Enable session management"
      },
      "tokenUrl": "https://connect.authentiq.io/token",
      "type": "oauth2"
    }
  },
  "parameters": {
    "Client": {
      "description": "Client Object",
      "in": "body",
      "name": "body",
      "required": true,
      "schema": {
        "$ref": "#/definitions/Client"
      }
    },
    "client_id": {
      "description": "Client identifier",
      "in": "path",
      "name": "client_id",
      "required": true,
      "type": "string"
    }
  },
  "responses": {
    "OAuth2Error": {
      "description": "OAuth 2.0 error response",
      "schema": {
        "$ref": "#/definitions/OAuth2Error"
      }
    },
    "ProblemDetail": {
      "description": "Problem Detail error response",
      "schema": {
        "$ref": "#/definitions/ProblemDetail"
      }
    },
    "Token": {
      "description": "Token response",
      "schema": {
        "$ref": "#/definitions/Token"
      }
    },
    "UserInfo": {
      "description": "UserInfo response",
      "schema": {
        "$ref": "#/definitions/UserInfo"
      }
    }
  },
  "paths": {
    "/authorize": {
      "get": {
        "description": "Start a session with Authentiq Connect and authenticate a user.\n\nExample:\n\n```\nGET https://connect.authentiq.io/authorize?client_id=<your-client-id>&response_type=code+id_token&scope=openid+email&redirect_uri=<your-redirect-uri>&state=0123456789\n```\n\nThis endpoint is compatible with OpenID Connect and also supports the POST method, in which case the parameters are passed as a form post.\n\nSee also:\n  - [OAuth 2.0 Authorization Endpoint](http://tools.ietf.org/html/rfc6749#section-3.1)\n  - [OIDC Authentication request](http://openid.net/specs/openid-connect-core-1_0.html#AuthRequest)\n  - [OIDC Successful Authentication response](http://openid.net/specs/openid-connect-core-1_0.html#AuthResponse)\n  - [OIDC Error Authentication response](http://openid.net/specs/openid-connect-core-1_0.html#AuthError)\n",
        "externalDocs": {
          "description": "OpenID Authorization Endpoint",
          "url": "http://openid.net/specs/openid-connect-core-1_0.html#AuthorizationEndpoint"
        },
        "operationId": "authorize",
        "parameters": [
          {
            "description": "A client ID obtained from the [Dashboard](https://dashboard.authentiq.com/).\n",
            "in": "query",
            "name": "client_id",
            "required": true,
            "type": "string"
          },
          {
            "description": "The OIDC response type to use for this authentication flow. Valid choices are `code`, `id_token`, `token`, `token id_token`, `code id_token` `code token` and `code token id_token`, but a client can be configured with a more restricted set.\n",
            "in": "query",
            "name": "response_type",
            "required": true,
            "type": "string"
          },
          {
            "description": "The space-separated identity claims to request from the end-user. Always include `openid` as a scope for compatibility with OIDC.\n",
            "in": "query",
            "name": "scope",
            "required": true,
            "type": "string"
          },
          {
            "description": "The location to redirect to after (un)successful authentication. See OIDC for the parameters passed in the query string (`response_mode=query`) or as fragments (`response_mode=fragment`). Unless the client is in test-mode this must be one of the registered redirect URLs.\n",
            "in": "query",
            "name": "redirect_uri",
            "required": true,
            "type": "string"
          },
          {
            "description": "An opaque string that will be passed back to the redirect URL and therefore can be used to communicate client side state and prevent CSRF attacks.\n",
            "in": "query",
            "name": "state",
            "required": true,
            "type": "string"
          },
          {
            "description": "Whether to append parameters to the redirect URL in the query string (`query`) or as fragments (`fragment`). This option usually has a sensible default for each of the response types.\n",
            "in": "query",
            "name": "response_mode",
            "required": false,
            "type": "string"
          },
          {
            "description": "An nonce provided by the client (and opaque to Authentiq Connect) that will be included in any ID Token generated for this session. Clients should use the nonce to mitigate replay attacks.\n",
            "in": "query",
            "name": "nonce",
            "required": false,
            "type": "string"
          },
          {
            "default": "page",
            "description": "The authentication display mode, which can be one of `page`, `popup` or `modal`. Defaults to `page`.\n",
            "in": "query",
            "name": "display",
            "required": false,
            "type": "string"
          },
          {
            "default": "login",
            "description": "Space-delimited, case sensitive list of ASCII string values that specifies whether the Authorization Server prompts the End-User for reauthentication and consent. The supported values are: `none`, `login`, `consent`. If `consent` the end-user is asked to (re)confirm what claims they share. Use `none` to check for an active session.\n",
            "in": "query",
            "name": "prompt",
            "required": false,
            "type": "string"
          },
          {
            "default": 0,
            "description": "Specifies the allowable elapsed time in seconds since the last time the end-user was actively authenticated.\n",
            "in": "query",
            "name": "max_age",
            "required": false,
            "type": "integer"
          },
          {
            "description": "Specifies the preferred language to use on the authorization page, as a space-separated list of BCP47 language tags. Ignored at the moment.\n",
            "in": "query",
            "name": "ui_locales",
            "required": false,
            "type": "string"
          }
        ],
        "produces": [
          "text/html"
        ],
        "responses": {
          "302": {
            "description": "A successful or erroneous authentication response.\n"
          },
          "303": {
            "description": "*Sign in with Authentiq* page, popup or modal.\n"
          }
        },
        "summary": "Authenticate a user",
        "tags": [
          "Authentication"
        ]
      }
    },
    "/client": {
      "get": {
        "description": "Retrieve a list of clients.\n",
        "operationId": "client",
        "produces": [
          "application/json"
        ],
        "responses": {
          "200": {
            "description": "A list of Client Objects.",
            "schema": {
              "items": {
                "$ref": "#/definitions/Client"
              },
              "type": "array"
            }
          },
          "default": {
            "$ref": "#/responses/OAuth2Error"
          }
        },
        "security": [
          {
            "client_registration_token": []
          },
          {
            "oauth_code": []
          },
          {
            "oauth_implicit": []
          }
        ],
        "summary": "List clients",
        "tags": [
          "Client Management"
        ]
      },
      "post": {
        "consumes": [
          "application/json",
          "multipart/form-data"
        ],
        "description": "Register a new client with this Authentiq Connect provider.\n\nThis endpoint is compatible with [OIDC's Client Registration](http://openid.net/specs/openid-connect-registration-1_0.html) extension.\n\nSee also:\n- [OIDC Client Registration Endpoint](http://openid.net/specs/openid-connect-registration-1_0.html#ClientRegistration)\n",
        "operationId": "createClient",
        "parameters": [
          {
            "$ref": "#/parameters/Client"
          }
        ],
        "responses": {
          "201": {
            "description": "Client created",
            "headers": {
              "Location": {
                "description": "URL of new client resource",
                "type": "string"
              }
            }
          },
          "default": {
            "$ref": "#/responses/ProblemDetail"
          }
        },
        "security": [
          {
            "client_registration_token": []
          },
          {
            "oauth_code": []
          },
          {
            "oauth_implicit": []
          }
        ],
        "summary": "Register a client",
        "tags": [
          "Client Management"
        ]
      }
    },
    "/client/{client_id}": {
      "delete": {
        "description": "Delete a previously registered client.\n",
        "operationId": "clientClient_id",
        "parameters": [
          {
            "$ref": "#/parameters/client_id"
          }
        ],
        "responses": {
          "204": {
            "description": "Client deleted"
          },
          "default": {
            "$ref": "#/responses/ProblemDetail"
          }
        },
        "security": [
          {
            "client_registration_token": []
          },
          {
            "oauth_code": []
          },
          {
            "oauth_implicit": []
          }
        ],
        "summary": "Delete a client",
        "tags": [
          "Client Management"
        ]
      },
      "get": {
        "description": "Retrieve the configuration of a previously registered client.\n\nSee also:\n- [OIDC Client Configuration Endpoint](http://openid.net/specs/openid-connect-registration-1_0.html#ClientConfigurationEndpoint)\n",
        "operationId": "getClient",
        "parameters": [
          {
            "$ref": "#/parameters/client_id"
          }
        ],
        "produces": [
          "application/json"
        ],
        "responses": {
          "200": {
            "description": "Client found",
            "schema": {
              "$ref": "#/definitions/Client"
            }
          },
          "default": {
            "$ref": "#/responses/OAuth2Error"
          }
        },
        "security": [
          {
            "client_registration_token": []
          },
          {
            "oauth_code": []
          },
          {
            "oauth_implicit": []
          }
        ],
        "summary": "View a client",
        "tags": [
          "Client Management"
        ]
      },
      "put": {
        "consumes": [
          "application/json",
          "multipart/form-data"
        ],
        "description": "Update the configuration of a previously registered client.\n\nSee also:\n- [OIDC Client Configuration Endpoint](http://openid.net/specs/openid-connect-registration-1_0.html#ClientConfigurationEndpoint)\n",
        "operationId": "updateClient",
        "parameters": [
          {
            "$ref": "#/parameters/client_id"
          },
          {
            "$ref": "#/parameters/Client"
          }
        ],
        "produces": [
          "application/json"
        ],
        "responses": {
          "200": {
            "description": "Client updated",
            "schema": {
              "$ref": "#/definitions/Client"
            }
          },
          "default": {
            "$ref": "#/responses/ProblemDetail"
          }
        },
        "security": [
          {
            "client_registration_token": []
          },
          {
            "oauth_code": []
          },
          {
            "oauth_implicit": []
          }
        ],
        "summary": "Update a client",
        "tags": [
          "Client Management"
        ]
      }
    },
    "/token": {
      "post": {
        "consumes": [
          "application/x-www-form-urlencoded"
        ],
        "description": "Exchange en authorization code for an ID Token or Access Token.\n\nThis endpoint supports both `client_secret_post` and `client_secret_basic` authenticatino methods, as specified by the client's `token_endpoint_auth_method`.\n\nSee also:\n  - [OIDC Token Endpoint](http://openid.net/specs/openid-connect-core-1_0.html#TokenRequest)\n  - [OIDC Successful Token response](http://openid.net/specs/openid-connect-core-1_0.html#TokenResponse)\n  - [OIDC Token Error response](http://openid.net/specs/openid-connect-core-1_0.html#TokenError)\n",
        "externalDocs": {
          "description": "OpenID Token Endpoint",
          "url": "http://openid.net/specs/openid-connect-core-1_0.html#TokenEndpoint"
        },
        "operationId": "token",
        "parameters": [
          {
            "description": "HTTP Basic authorization header.\n",
            "in": "header",
            "name": "Authorization",
            "required": false,
            "type": "string"
          },
          {
            "description": "The registered client ID.\n",
            "in": "formData",
            "name": "client_id",
            "required": true,
            "type": "string"
          },
          {
            "description": "The registered client ID secret.\n",
            "format": "password",
            "in": "formData",
            "name": "client_secret",
            "required": true,
            "type": "string"
          },
          {
            "description": "The authorization grant type, must be `authorization_code`.\n",
            "in": "formData",
            "name": "grant_type",
            "required": true,
            "type": "string"
          },
          {
            "description": "The authorization code previously obtained from the Authentication endpoint.\n",
            "in": "formData",
            "name": "code",
            "required": true,
            "type": "string"
          },
          {
            "description": "The redirect URL that was used previously with the Authentication endpoint.\n",
            "in": "formData",
            "name": "redirect_uri",
            "required": true,
            "type": "string"
          }
        ],
        "produces": [
          "application/json"
        ],
        "responses": {
          "200": {
            "$ref": "#/responses/Token"
          },
          "400": {
            "$ref": "#/responses/OAuth2Error"
          },
          "401": {
            "$ref": "#/responses/OAuth2Error"
          }
        },
        "summary": "Obtain an ID Token",
        "tags": [
          "Authentication"
        ]
      }
    },
    "/userinfo": {
      "get": {
        "description": "Use this endpoint to retrieve a user's profile in case you've not already obtained enough details from the ID Token via the Token Endpoint.\n See also:\n - [OIDC UserInfo endpoint](http://openid.net/specs/openid-connect-core-1_0.html#UserInfo)\n",
        "operationId": "userInfo",
        "produces": [
          "application/json"
        ],
        "responses": {
          "200": {
            "$ref": "#/responses/UserInfo"
          },
          "401": {
            "$ref": "#/responses/OAuth2Error"
          },
          "default": {
            "$ref": "#/responses/OAuth2Error"
          }
        },
        "security": [
          {
            "oauth_code": [
              "oidc",
              "email",
              "phone",
              "address",
              "aq:location",
              "aq:name",
              "aq:push"
            ]
          },
          {
            "oauth_implicit": [
              "oidc",
              "email",
              "phone",
              "address",
              "aq:location",
              "aq:name",
              "aq:push"
            ]
          }
        ],
        "summary": "Retrieve their user profile",
        "tags": [
          "Authentication"
        ]
      }
    },
    "/{client_id}/iframe": {
      "get": {
        "description": "An OpenID Connect Session Management iframe to facilitate e.g. single sign-on or remote logouts.\n\nThe iframe implements the OIDC postMessage-based [change notification protocol](http://openid.net/specs/openid-connect-session-1_0.html#ChangeNotification) via which a client can receive notifications about session state changes.\n\nSee also:\n- [OIDC OP iframe](http://openid.net/specs/openid-connect-session-1_0.html#OPiframe)\n",
        "operationId": "authorizeIframe",
        "parameters": [
          {
            "$ref": "#/parameters/client_id"
          }
        ],
        "produces": [
          "test/html"
        ],
        "responses": {
          "200": {
            "description": "OK",
            "headers": {
              "Cache-Control": {
                "description": "public, max-age=7200",
                "type": "string"
              }
            }
          }
        },
        "summary": "Include a session iframe",
        "tags": [
          "Session Management"
        ]
      }
    }
  },
  "definitions": {
    "Address": {
      "description": "OIDC Address structure",
      "properties": {
        "country": {
          "type": "string"
        },
        "locality": {
          "type": "string"
        },
        "postal_code": {
          "type": "string"
        },
        "region": {
          "type": "string"
        },
        "street_address": {
          "type": "string"
        }
      }
    },
    "Client": {
      "description": "Client object",
      "properties": {
        "application_type": {
          "type": "string"
        },
        "client_id": {
          "type": "string"
        },
        "client_name": {
          "type": "string"
        },
        "client_uri": {
          "type": "string"
        },
        "contacts": {
          "items": {
            "type": "string"
          },
          "type": "array"
        },
        "default_max_age": {
          "format": "int64",
          "type": "integer"
        },
        "default_scopes": {
          "items": {
            "type": "string"
          },
          "type": "array"
        },
        "grant_types": {
          "items": {
            "type": "string"
          },
          "type": "array"
        },
        "logo_uri": {
          "type": "string"
        },
        "policy_uri": {
          "type": "string"
        },
        "redirect_uris": {
          "items": {
            "type": "string"
          },
          "type": "array"
        },
        "response_types": {
          "items": {
            "type": "string"
          },
          "type": "array"
        },
        "tos_uri": {
          "type": "string"
        }
      },
      "required": [
        "client_name",
        "client_uri"
      ]
    },
    "OAuth2Error": {
      "description": "Error Response defined as in Section 5.2 of OAuth 2.0 [RFC6749].\n",
      "properties": {
        "error": {
          "type": "string"
        },
        "error_description": {
          "type": "string"
        }
      },
      "required": [
        "error"
      ]
    },
    "ProblemDetail": {
      "description": "HTTP Problem Detail\n",
      "properties": {
        "detail": {
          "description": "Human-readable explanation specific to this occurrence of the problem.\n",
          "type": "string"
        },
        "status": {
          "description": "The HTTP status code for this occurrence of the problem.\n",
          "type": "integer"
        },
        "title": {
          "description": "Human-readable summary of the problem type.\n",
          "type": "string"
        },
        "type": {
          "default": "about:blank",
          "type": "string"
        }
      },
      "required": [
        "type",
        "status"
      ]
    },
    "Session": {
      "description": "Session object",
      "properties": {
        "authenticated_at": {
          "format": "date-time",
          "type": "string"
        },
        "client_id": {
          "type": "string"
        },
        "client_name": {
          "type": "string"
        },
        "client_uri": {
          "type": "string"
        },
        "concluded_at": {
          "format": "date-time",
          "type": "string"
        },
        "connected_at": {
          "format": "date-time",
          "type": "string"
        },
        "contacts": {
          "items": {
            "type": "string"
          },
          "type": "array"
        },
        "created_at": {
          "type": "string"
        },
        "deleted_at": {
          "format": "date-time",
          "type": "string"
        },
        "logo_uri": {
          "type": "string"
        },
        "nonce": {
          "type": "string"
        },
        "policy_uri": {
          "type": "string"
        },
        "redirect_uri": {
          "type": "string"
        },
        "response_mode": {
          "type": "string"
        },
        "response_type": {
          "type": "string"
        },
        "scopes": {
          "items": {
            "type": "string"
          },
          "type": "array"
        },
        "scopes_optional": {
          "items": {
            "type": "string"
          },
          "type": "array"
        },
        "scopes_required": {
          "items": {
            "type": "string"
          },
          "type": "array"
        },
        "scopes_seen": {
          "items": {
            "type": "string"
          },
          "type": "array"
        },
        "scopes_signed": {
          "items": {
            "type": "string"
          },
          "type": "array"
        },
        "session_id": {
          "type": "string"
        },
        "session_state": {
          "type": "string"
        },
        "session_uri": {
          "type": "string"
        },
        "sub": {
          "type": "string"
        },
        "tokens_seen": {
          "items": {
            "type": "string"
          },
          "type": "array"
        },
        "tos_uri": {
          "type": "string"
        },
        "version": {
          "type": "integer"
        }
      }
    },
    "Token": {
      "description": "Successful token response\n",
      "properties": {
        "access_token": {
          "description": "The access token issued by the authorization server.",
          "type": "string"
        },
        "expires_at": {
          "description": "The time the access token will expire in seconds since epoch.",
          "format": "int64",
          "type": "integer"
        },
        "expires_in": {
          "description": "The lifetime in seconds of the access token.",
          "format": "int32",
          "type": "integer"
        },
        "id_token": {
          "description": "ID Token value associated with the authenticated session.",
          "type": "string"
        },
        "refresh_token": {
          "description": "The refresh token issued to the client, if any.",
          "type": "string"
        },
        "scope": {
          "description": "The scope of the granted tokens.",
          "type": "string"
        },
        "token_type": {
          "type": "string"
        }
      },
      "required": [
        "token_type"
      ]
    },
    "UserInfo": {
      "description": "OIDC UserInfo structure",
      "properties": {
        "address": {
          "$ref": "#/definitions/Address"
        },
        "aq:location": {
          "description": "Geolocation structure",
          "properties": {
            "address": {
              "$ref": "#/definitions/Address"
            },
            "latitude": {
              "format": "float",
              "type": "number"
            },
            "longitude": {
              "format": "float",
              "type": "number"
            }
          }
        },
        "email": {
          "type": "string"
        },
        "email_verified": {
          "type": "boolean"
        },
        "family_name": {
          "type": "string"
        },
        "given_name": {
          "type": "string"
        },
        "name": {
          "type": "string"
        },
        "phone_number": {
          "type": "string"
        },
        "phone_number_verified": {
          "type": "boolean"
        },
        "sub": {
          "type": "string"
        }
      },
      "required": [
        "sub"
      ]
    }
  }
}
