{
  "swagger": "2.0",
  "schemes": [
    "https"
  ],
  "host": "management.azure.com",
  "info": {
    "description": "The Azure Analysis Services Web API provides a RESTful set of web services that enables users to create, retrieve, update, and delete Analysis Services servers",
    "title": "AzureAnalysisServices",
    "version": "2016-05-16",
    "x-apisguru-categories": [
      "cloud"
    ],
    "x-logo": {
      "url": "https://api.apis.guru/v2/cache/logo/https_assets.onestore.ms_cdnfiles_onestorerolling-1606-01000_shell_v3_images_logo_microsoft.png"
    },
    "x-ms-code-generation-settings": {
      "name": "AnalysisServicesManagementClient"
    },
    "x-origin": [
      {
        "format": "swagger",
        "url": "https://raw.githubusercontent.com/Azure/azure-rest-api-specs/master/arm-analysisservices/2016-05-16/swagger/analysisservices.json",
        "version": "2.0"
      }
    ],
    "x-preferred": true,
    "x-providerName": "azure.com",
    "x-serviceName": "arm-analysisservices",
    "x-tags": [
      "Azure",
      "Microsoft"
    ]
  },
  "consumes": [
    "application/json"
  ],
  "produces": [
    "application/json"
  ],
  "securityDefinitions": {
    "azure_auth": {
      "authorizationUrl": "https://login.microsoftonline.com/common/oauth2/authorize",
      "description": "Azure Active Directory OAuth2 Flow",
      "flow": "implicit",
      "scopes": {
        "user_impersonation": "impersonate your user account"
      },
      "type": "oauth2"
    }
  },
  "security": [
    {
      "azure_auth": [
        "user_impersonation"
      ]
    }
  ],
  "parameters": {
    "ApiVersionParameter": {
      "description": "The client API version.",
      "in": "query",
      "name": "api-version",
      "required": true,
      "type": "string"
    },
    "ResourceGroupNameParameter": {
      "description": "The name of the Azure Resource group of which a given Analysis Services server is part. This name must be at least 1 character in length, and no more than 90.",
      "in": "path",
      "maxLength": 90,
      "minLength": 1,
      "name": "resourceGroupName",
      "pattern": "^[-\\w\\._\\(\\)]+$",
      "required": true,
      "type": "string",
      "x-ms-parameter-location": "method"
    },
    "SubscriptionIdParameter": {
      "description": "A unique identifier for a Microsoft Azure subscription. The subscription ID forms part of the URI for every service call.",
      "in": "path",
      "name": "subscriptionId",
      "required": true,
      "type": "string"
    }
  },
  "paths": {
    "/subscriptions/{subscriptionId}/providers/Microsoft.AnalysisServices/servers": {
      "get": {
        "description": "Lists all the Analysis Services servers for the given subscription.",
        "operationId": "Servers_List",
        "parameters": [
          {
            "$ref": "#/parameters/ApiVersionParameter"
          },
          {
            "$ref": "#/parameters/SubscriptionIdParameter"
          }
        ],
        "responses": {
          "200": {
            "description": "OK",
            "schema": {
              "$ref": "#/definitions/AnalysisServicesServers"
            }
          }
        },
        "tags": [
          "Servers"
        ],
        "x-ms-pageable": {}
      }
    },
    "/subscriptions/{subscriptionId}/resourceGroups/{resourceGroupName}/providers/Microsoft.AnalysisServices/servers": {
      "get": {
        "description": "Gets all the Analysis Services servers for the given resource group.",
        "operationId": "Servers_ListByResourceGroup",
        "parameters": [
          {
            "$ref": "#/parameters/ResourceGroupNameParameter"
          },
          {
            "$ref": "#/parameters/ApiVersionParameter"
          },
          {
            "$ref": "#/parameters/SubscriptionIdParameter"
          }
        ],
        "responses": {
          "200": {
            "description": "OK",
            "schema": {
              "$ref": "#/definitions/AnalysisServicesServers"
            }
          }
        },
        "tags": [
          "Servers"
        ],
        "x-ms-pageable": {}
      }
    },
    "/subscriptions/{subscriptionId}/resourceGroups/{resourceGroupName}/providers/Microsoft.AnalysisServices/servers/{serverName}": {
      "delete": {
        "description": "Deletes the specified Analysis Services server.",
        "operationId": "Servers_Delete",
        "parameters": [
          {
            "$ref": "#/parameters/ResourceGroupNameParameter"
          },
          {
            "description": "The name of the Analysis Services server. It must be at least 3 characters in length, and no more than 63.",
            "in": "path",
            "maxLength": 63,
            "minLength": 3,
            "name": "serverName",
            "pattern": "^[a-z][a-z0-9]*$",
            "required": true,
            "type": "string"
          },
          {
            "$ref": "#/parameters/ApiVersionParameter"
          },
          {
            "$ref": "#/parameters/SubscriptionIdParameter"
          }
        ],
        "responses": {
          "200": {
            "description": "OK."
          },
          "202": {
            "description": "Accepted."
          },
          "204": {
            "description": "No Content."
          }
        },
        "tags": [
          "Servers"
        ],
        "x-ms-long-running-operation": true
      },
      "get": {
        "description": "Gets details about the specified Analysis Services server.",
        "operationId": "Servers_GetDetails",
        "parameters": [
          {
            "$ref": "#/parameters/ResourceGroupNameParameter"
          },
          {
            "description": "The name of the Analysis Services server. It must be a minimum of 3 characters, and a maximum of 63.",
            "in": "path",
            "maxLength": 63,
            "minLength": 3,
            "name": "serverName",
            "pattern": "^[a-z][a-z0-9]*$",
            "required": true,
            "type": "string"
          },
          {
            "$ref": "#/parameters/ApiVersionParameter"
          },
          {
            "$ref": "#/parameters/SubscriptionIdParameter"
          }
        ],
        "responses": {
          "200": {
            "description": "OK. The operation was successful.",
            "schema": {
              "$ref": "#/definitions/AnalysisServicesServer"
            }
          }
        },
        "tags": [
          "Servers"
        ]
      },
      "patch": {
        "description": "Updates the current state of the specified Analysis Services server.",
        "operationId": "Servers_Update",
        "parameters": [
          {
            "$ref": "#/parameters/ResourceGroupNameParameter"
          },
          {
            "description": "The name of the Analysis Services server. It must be at least 3 characters in length, and no more than 63.",
            "in": "path",
            "maxLength": 63,
            "minLength": 3,
            "name": "serverName",
            "pattern": "^[a-z][a-z0-9]*$",
            "required": true,
            "type": "string"
          },
          {
            "description": "Request object that contains the updated information for the server.",
            "in": "body",
            "name": "serverUpdateParameters",
            "required": true,
            "schema": {
              "$ref": "#/definitions/AnalysisServicesServerUpdateParameters"
            }
          },
          {
            "$ref": "#/parameters/ApiVersionParameter"
          },
          {
            "$ref": "#/parameters/SubscriptionIdParameter"
          }
        ],
        "responses": {
          "200": {
            "description": "OK",
            "schema": {
              "$ref": "#/definitions/AnalysisServicesServer"
            }
          }
        },
        "tags": [
          "Servers"
        ]
      },
      "put": {
        "description": "Provisions the specified Analysis Services server based on the configuration specified in the request.",
        "operationId": "Servers_Create",
        "parameters": [
          {
            "$ref": "#/parameters/ResourceGroupNameParameter"
          },
          {
            "description": "The name of the Analysis Services server. It must be a minimum of 3 characters, and a maximum of 63.",
            "in": "path",
            "maxLength": 63,
            "minLength": 3,
            "name": "serverName",
            "pattern": "^[a-z][a-z0-9]*$",
            "required": true,
            "type": "string"
          },
          {
            "description": "Contains the information used to provision the Analysis Services server.",
            "in": "body",
            "name": "serverParameters",
            "required": true,
            "schema": {
              "$ref": "#/definitions/AnalysisServicesServer"
            }
          },
          {
            "$ref": "#/parameters/ApiVersionParameter"
          },
          {
            "$ref": "#/parameters/SubscriptionIdParameter"
          }
        ],
        "responses": {
          "200": {
            "description": "OK. The operation completed successfully.",
            "schema": {
              "$ref": "#/definitions/AnalysisServicesServer"
            }
          },
          "201": {
            "description": "InProgress. The operation is still completing.",
            "schema": {
              "$ref": "#/definitions/AnalysisServicesServer"
            }
          }
        },
        "tags": [
          "Servers"
        ],
        "x-ms-long-running-operation": true
      }
    },
    "/subscriptions/{subscriptionId}/resourceGroups/{resourceGroupName}/providers/Microsoft.AnalysisServices/servers/{serverName}/resume": {
      "post": {
        "description": "Resumes operation of the specified Analysis Services server instance.",
        "operationId": "Servers_Resume",
        "parameters": [
          {
            "$ref": "#/parameters/ResourceGroupNameParameter"
          },
          {
            "description": "The name of the Analysis Services server. It must be at least 3 characters in length, and no more than 63.",
            "in": "path",
            "maxLength": 63,
            "minLength": 3,
            "name": "serverName",
            "pattern": "^[a-z][a-z0-9]*$",
            "required": true,
            "type": "string"
          },
          {
            "$ref": "#/parameters/ApiVersionParameter"
          },
          {
            "$ref": "#/parameters/SubscriptionIdParameter"
          }
        ],
        "responses": {
          "200": {
            "description": "OK"
          },
          "202": {
            "description": "Accepted"
          }
        },
        "tags": [
          "Servers"
        ],
        "x-ms-long-running-operation": true
      }
    },
    "/subscriptions/{subscriptionId}/resourceGroups/{resourceGroupName}/providers/Microsoft.AnalysisServices/servers/{serverName}/suspend": {
      "post": {
        "description": "Supends operation of the specified Analysis Services server instance.",
        "operationId": "Servers_Suspend",
        "parameters": [
          {
            "$ref": "#/parameters/ResourceGroupNameParameter"
          },
          {
            "description": "The name of the Analysis Services server. It must be at least 3 characters in length, and no more than 63.",
            "in": "path",
            "maxLength": 63,
            "minLength": 3,
            "name": "serverName",
            "pattern": "^[a-z][a-z0-9]*$",
            "required": true,
            "type": "string"
          },
          {
            "$ref": "#/parameters/ApiVersionParameter"
          },
          {
            "$ref": "#/parameters/SubscriptionIdParameter"
          }
        ],
        "responses": {
          "200": {
            "description": "OK."
          },
          "202": {
            "description": "Accepted."
          }
        },
        "tags": [
          "Servers"
        ],
        "x-ms-long-running-operation": true
      }
    }
  },
  "definitions": {
    "AnalysisServicesServer": {
      "allOf": [
        {
          "$ref": "#/definitions/Resource"
        }
      ],
      "description": "Represents an instance of an Analysis Services resource.",
      "properties": {
        "properties": {
          "$ref": "#/definitions/AnalysisServicesServerProperties",
          "description": "Properties of the provision operation request.",
          "x-ms-client-flatten": true
        }
      },
      "type": "object"
    },
    "AnalysisServicesServerMutableProperties": {
      "description": "An object that represents a set of mutable Analysis Services resource properties.",
      "properties": {
        "asAdministrators": {
          "$ref": "#/definitions/ServerAdministrators"
        },
        "backupConfiguration": {
          "$ref": "#/definitions/BackupConfiguration"
        }
      },
      "type": "object"
    },
    "AnalysisServicesServerProperties": {
      "allOf": [
        {
          "$ref": "#/definitions/AnalysisServicesServerMutableProperties"
        }
      ],
      "description": "Properties of Analysis Services resource.",
      "properties": {
        "provisioningState": {
          "description": "The current deployment state of Analysis Services resource. The provisioningState is to indicate states for resource provisioning.",
          "enum": [
            "Deleting",
            "Succeeded",
            "Failed",
            "Paused",
            "Suspended",
            "Provisioning",
            "Updating",
            "Suspending",
            "Pausing",
            "Resuming",
            "Preparing",
            "Scaling"
          ],
          "readOnly": true,
          "type": "string",
          "x-ms-enum": {
            "modelAsString": true,
            "name": "ProvisioningState"
          }
        },
        "serverFullName": {
          "description": "The full name of the Analysis Services resource.",
          "readOnly": true,
          "type": "string"
        },
        "state": {
          "description": "The current state of Analysis Services resource. The state is to indicate more states outside of resource provisioning.",
          "enum": [
            "Deleting",
            "Succeeded",
            "Failed",
            "Paused",
            "Suspended",
            "Provisioning",
            "Updating",
            "Suspending",
            "Pausing",
            "Resuming",
            "Preparing",
            "Scaling"
          ],
          "readOnly": true,
          "type": "string",
          "x-ms-enum": {
            "modelAsString": true,
            "name": "State"
          }
        }
      },
      "type": "object"
    },
    "AnalysisServicesServerUpdateParameters": {
      "description": "Provision request specification",
      "properties": {
        "properties": {
          "$ref": "#/definitions/AnalysisServicesServerMutableProperties",
          "description": "Properties of the provision operation request.",
          "x-ms-client-flatten": true
        },
        "sku": {
          "$ref": "#/definitions/ResourceSku",
          "description": "The SKU of the Analysis Services resource."
        },
        "tags": {
          "additionalProperties": {
            "type": "string"
          },
          "description": "Key-value pairs of additional provisioning properties.",
          "type": "object"
        }
      },
      "type": "object"
    },
    "AnalysisServicesServers": {
      "description": "An array of Analysis Services resources.",
      "properties": {
        "value": {
          "description": "An array of Analysis Services resources.",
          "items": {
            "$ref": "#/definitions/AnalysisServicesServer"
          },
          "type": "array"
        }
      },
      "required": [
        "value"
      ],
      "type": "object"
    },
    "BackupConfiguration": {
      "description": "An object that represents backup configurations",
      "properties": {
        "accessKey": {
          "description": "The access key of storage account used for backup configuration",
          "type": "string"
        },
        "blobContainer": {
          "description": "The name of blob container for backup configuration",
          "type": "string"
        },
        "storageAccount": {
          "description": "Storage account full resource id for backup configuration",
          "type": "string"
        }
      },
      "required": [
        "storageAccount",
        "blobContainer"
      ],
      "type": "object"
    },
    "Resource": {
      "description": "Represents an instance of an Analysis Services resource.",
      "properties": {
        "id": {
          "description": "An identifier that represents the Analysis Services resource.",
          "readOnly": true,
          "type": "string"
        },
        "location": {
          "description": "Location of the Analysis Services resource.",
          "type": "string"
        },
        "name": {
          "description": "The name of the Analysis Services resource.",
          "readOnly": true,
          "type": "string"
        },
        "sku": {
          "$ref": "#/definitions/ResourceSku",
          "description": "The SKU of the Analysis Services resource."
        },
        "tags": {
          "additionalProperties": {
            "type": "string"
          },
          "description": "Key-value pairs of additional resource provisioning properties.",
          "type": "object"
        },
        "type": {
          "description": "The type of the Analysis Services resource.",
          "readOnly": true,
          "type": "string"
        }
      },
      "required": [
        "location",
        "sku"
      ],
      "type": "object",
      "x-ms-azure-resource": true
    },
    "ResourceSku": {
      "description": "Represents the SKU name and Azure pricing tier for Analysis Services resource.",
      "properties": {
        "name": {
          "description": "Name of the SKU level for the server being provisioned.",
          "enum": [
            "B1",
            "B2",
            "S0",
            "S1",
            "S2",
            "S4",
            "D1"
          ],
          "type": "string",
          "x-ms-enum": {
            "modelAsString": true,
            "name": "SkuName"
          }
        },
        "tier": {
          "description": "The name of the Azure pricing tier to which the SKU applies.",
          "enum": [
            "Development",
            "Basic",
            "Standard"
          ],
          "type": "string",
          "x-ms-enum": {
            "modelAsString": true,
            "name": "SkuTier"
          }
        }
      },
      "required": [
        "name"
      ],
      "type": "object"
    },
    "ServerAdministrators": {
      "description": "An array of administrator user identities",
      "properties": {
        "members": {
          "description": "An array of administrator user identities.",
          "items": {
            "description": "The UPN of the user. For example: johnsmith@contoso.com.",
            "type": "string"
          },
          "type": "array"
        }
      },
      "type": "object"
    }
  }
}
