{
  "swagger": "2.0",
  "schemes": [
    "https"
  ],
  "host": "www.googleapis.com",
  "basePath": "/pagespeedonline/v1",
  "info": {
    "contact": {
      "name": "Google",
      "url": "https://google.com"
    },
    "description": "Analyzes the performance of a web page and provides tailored suggestions to make that page faster.",
    "license": {
      "name": "Creative Commons Attribution 3.0",
      "url": "http://creativecommons.org/licenses/by/3.0/"
    },
    "termsOfService": "https://developers.google.com/terms/",
    "title": "PageSpeed Insights",
    "version": "v1",
    "x-apiClientRegistration": {
      "url": "https://console.developers.google.com"
    },
    "x-apisguru-categories": [
      "tools"
    ],
    "x-logo": {
      "url": "https://api.apis.guru/v2/cache/logo/https_www.google.com_images_branding_googlelogo_2x_googlelogo_color_272x92dp.png"
    },
    "x-origin": [
      {
        "converter": {
          "url": "https://github.com/lucybot/api-spec-converter",
          "version": "2.0.1"
        },
        "format": "google",
        "url": "https://www.googleapis.com/discovery/v1/apis/pagespeedonline/v1/rest",
        "version": "v1"
      }
    ],
    "x-preferred": false,
    "x-providerName": "googleapis.com",
    "x-serviceName": "pagespeedonline"
  },
  "externalDocs": {
    "url": "https://developers.google.com/speed/docs/insights/v1/getting_started"
  },
  "parameters": {
    "alt": {
      "default": "json",
      "description": "Data format for the response.",
      "enum": [
        "json"
      ],
      "in": "query",
      "name": "alt",
      "type": "string"
    },
    "fields": {
      "description": "Selector specifying which fields to include in a partial response.",
      "in": "query",
      "name": "fields",
      "type": "string"
    },
    "key": {
      "description": "API key. Your API key identifies your project and provides you with API access, quota, and reports. Required unless you provide an OAuth 2.0 token.",
      "in": "query",
      "name": "key",
      "type": "string"
    },
    "oauth_token": {
      "description": "OAuth 2.0 token for the current user.",
      "in": "query",
      "name": "oauth_token",
      "type": "string"
    },
    "prettyPrint": {
      "default": true,
      "description": "Returns response with indentations and line breaks.",
      "in": "query",
      "name": "prettyPrint",
      "type": "boolean"
    },
    "quotaUser": {
      "description": "Available to use for quota purposes for server-side applications. Can be any arbitrary string assigned to a user, but should not exceed 40 characters. Overrides userIp if both are provided.",
      "in": "query",
      "name": "quotaUser",
      "type": "string"
    },
    "userIp": {
      "description": "IP address of the site where the request originates. Use this if you want to enforce per-user limits.",
      "in": "query",
      "name": "userIp",
      "type": "string"
    }
  },
  "tags": [
    {
      "name": "pagespeedapi"
    }
  ],
  "paths": {
    "/runPagespeed": {
      "get": {
        "description": "Runs PageSpeed analysis on the page at the specified URL, and returns a PageSpeed score, a list of suggestions to make that page faster, and other information.",
        "operationId": "pagespeedonline.pagespeedapi.runpagespeed",
        "parameters": [
          {
            "description": "The URL to fetch and analyze",
            "in": "query",
            "name": "url",
            "required": true,
            "type": "string"
          },
          {
            "default": false,
            "description": "Indicates if third party resources should be filtered out before PageSpeed analysis.",
            "in": "query",
            "name": "filter_third_party_resources",
            "type": "boolean"
          },
          {
            "description": "The locale used to localize formatted results",
            "in": "query",
            "name": "locale",
            "type": "string"
          },
          {
            "collectionFormat": "multi",
            "description": "A PageSpeed rule to run; if none are given, all rules are run",
            "in": "query",
            "items": {
              "type": "string"
            },
            "name": "rule",
            "type": "array"
          },
          {
            "default": false,
            "description": "Indicates if binary data containing a screenshot should be included",
            "in": "query",
            "name": "screenshot",
            "type": "boolean"
          },
          {
            "description": "The analysis strategy to use",
            "enum": [
              "desktop",
              "mobile"
            ],
            "in": "query",
            "name": "strategy",
            "type": "string"
          }
        ],
        "responses": {
          "200": {
            "description": "Successful response",
            "schema": {
              "$ref": "#/definitions/Result"
            }
          }
        },
        "tags": [
          "pagespeedapi"
        ]
      },
      "parameters": [
        {
          "$ref": "#/parameters/alt"
        },
        {
          "$ref": "#/parameters/fields"
        },
        {
          "$ref": "#/parameters/key"
        },
        {
          "$ref": "#/parameters/oauth_token"
        },
        {
          "$ref": "#/parameters/prettyPrint"
        },
        {
          "$ref": "#/parameters/quotaUser"
        },
        {
          "$ref": "#/parameters/userIp"
        }
      ]
    }
  },
  "definitions": {
    "Result": {
      "properties": {
        "formattedResults": {
          "description": "Localized PageSpeed results. Contains a ruleResults entry for each PageSpeed rule instantiated and run by the server.",
          "properties": {
            "locale": {
              "description": "The locale of the formattedResults, e.g. \"en_US\".",
              "type": "string"
            },
            "ruleResults": {
              "additionalProperties": {
                "description": "The enum-like identifier for this rule. For instance \"EnableKeepAlive\" or \"AvoidCssImport\". Not localized.",
                "properties": {
                  "localizedRuleName": {
                    "description": "Localized name of the rule, intended for presentation to a user.",
                    "type": "string"
                  },
                  "ruleImpact": {
                    "description": "The impact (unbounded floating point value) that implementing the suggestions for this rule would have on making the page faster. Impact is comparable between rules to determine which rule's suggestions would have a higher or lower impact on making a page faster. For instance, if enabling compression would save 1MB, while optimizing images would save 500kB, the enable compression rule would have 2x the impact of the image optimization rule, all other things being equal.",
                    "format": "double",
                    "type": "number"
                  },
                  "urlBlocks": {
                    "description": "List of blocks of URLs. Each block may contain a heading and a list of URLs. Each URL may optionally include additional details.",
                    "items": {
                      "properties": {
                        "header": {
                          "description": "Heading to be displayed with the list of URLs.",
                          "properties": {
                            "args": {
                              "description": "List of arguments for the format string.",
                              "items": {
                                "properties": {
                                  "type": {
                                    "description": "Type of argument. One of URL, STRING_LITERAL, INT_LITERAL, BYTES, or DURATION.",
                                    "type": "string"
                                  },
                                  "value": {
                                    "description": "Argument value, as a localized string.",
                                    "type": "string"
                                  }
                                },
                                "type": "object"
                              },
                              "type": "array"
                            },
                            "format": {
                              "description": "A localized format string with $N placeholders, where N is the 1-indexed argument number, e.g. 'Minifying the following $1 resources would save a total of $2 bytes'.",
                              "type": "string"
                            }
                          },
                          "type": "object"
                        },
                        "urls": {
                          "description": "List of entries that provide information about URLs in the url block. Optional.",
                          "items": {
                            "properties": {
                              "details": {
                                "description": "List of entries that provide additional details about a single URL. Optional.",
                                "items": {
                                  "properties": {
                                    "args": {
                                      "description": "List of arguments for the format string.",
                                      "items": {
                                        "properties": {
                                          "type": {
                                            "description": "Type of argument. One of URL, STRING_LITERAL, INT_LITERAL, BYTES, or DURATION.",
                                            "type": "string"
                                          },
                                          "value": {
                                            "description": "Argument value, as a localized string.",
                                            "type": "string"
                                          }
                                        },
                                        "type": "object"
                                      },
                                      "type": "array"
                                    },
                                    "format": {
                                      "description": "A localized format string with $N placeholders, where N is the 1-indexed argument number, e.g. 'Unnecessary metadata for this resource adds an additional $1 bytes to its download size'.",
                                      "type": "string"
                                    }
                                  },
                                  "type": "object"
                                },
                                "type": "array"
                              },
                              "result": {
                                "description": "A format string that gives information about the URL, and a list of arguments for that format string.",
                                "properties": {
                                  "args": {
                                    "description": "List of arguments for the format string.",
                                    "items": {
                                      "properties": {
                                        "type": {
                                          "description": "Type of argument. One of URL, STRING_LITERAL, INT_LITERAL, BYTES, or DURATION.",
                                          "type": "string"
                                        },
                                        "value": {
                                          "description": "Argument value, as a localized string.",
                                          "type": "string"
                                        }
                                      },
                                      "type": "object"
                                    },
                                    "type": "array"
                                  },
                                  "format": {
                                    "description": "A localized format string with $N placeholders, where N is the 1-indexed argument number, e.g. 'Minifying the resource at URL $1 can save $2 bytes'.",
                                    "type": "string"
                                  }
                                },
                                "type": "object"
                              }
                            },
                            "type": "object"
                          },
                          "type": "array"
                        }
                      },
                      "type": "object"
                    },
                    "type": "array"
                  }
                },
                "type": "object"
              },
              "description": "Dictionary of formatted rule results, with one entry for each PageSpeed rule instantiated and run by the server.",
              "type": "object"
            }
          },
          "type": "object"
        },
        "id": {
          "description": "Canonicalized and final URL for the document, after following page redirects (if any).",
          "type": "string"
        },
        "invalidRules": {
          "description": "List of rules that were specified in the request, but which the server did not know how to instantiate.",
          "items": {
            "type": "string"
          },
          "type": "array"
        },
        "kind": {
          "default": "pagespeedonline#result",
          "description": "Kind of result.",
          "type": "string"
        },
        "pageStats": {
          "description": "Summary statistics for the page, such as number of JavaScript bytes, number of HTML bytes, etc.",
          "properties": {
            "cssResponseBytes": {
              "description": "Number of uncompressed response bytes for CSS resources on the page.",
              "format": "int64",
              "type": "string"
            },
            "flashResponseBytes": {
              "description": "Number of response bytes for flash resources on the page.",
              "format": "int64",
              "type": "string"
            },
            "htmlResponseBytes": {
              "description": "Number of uncompressed response bytes for the main HTML document and all iframes on the page.",
              "format": "int64",
              "type": "string"
            },
            "imageResponseBytes": {
              "description": "Number of response bytes for image resources on the page.",
              "format": "int64",
              "type": "string"
            },
            "javascriptResponseBytes": {
              "description": "Number of uncompressed response bytes for JS resources on the page.",
              "format": "int64",
              "type": "string"
            },
            "numberCssResources": {
              "description": "Number of CSS resources referenced by the page.",
              "format": "int32",
              "type": "integer"
            },
            "numberHosts": {
              "description": "Number of unique hosts referenced by the page.",
              "format": "int32",
              "type": "integer"
            },
            "numberJsResources": {
              "description": "Number of JavaScript resources referenced by the page.",
              "format": "int32",
              "type": "integer"
            },
            "numberResources": {
              "description": "Number of HTTP resources loaded by the page.",
              "format": "int32",
              "type": "integer"
            },
            "numberStaticResources": {
              "description": "Number of static (i.e. cacheable) resources on the page.",
              "format": "int32",
              "type": "integer"
            },
            "otherResponseBytes": {
              "description": "Number of response bytes for other resources on the page.",
              "format": "int64",
              "type": "string"
            },
            "textResponseBytes": {
              "description": "Number of uncompressed response bytes for text resources not covered by other statistics (i.e non-HTML, non-script, non-CSS resources) on the page.",
              "format": "int64",
              "type": "string"
            },
            "totalRequestBytes": {
              "description": "Total size of all request bytes sent by the page.",
              "format": "int64",
              "type": "string"
            }
          },
          "type": "object"
        },
        "responseCode": {
          "description": "Response code for the document. 200 indicates a normal page load. 4xx/5xx indicates an error.",
          "format": "int32",
          "type": "integer"
        },
        "score": {
          "description": "The PageSpeed Score (0-100), which indicates how much faster a page could be. A high score indicates little room for improvement, while a lower score indicates more room for improvement.",
          "format": "int32",
          "type": "integer"
        },
        "screenshot": {
          "description": "Base64-encoded screenshot of the page that was analyzed.",
          "properties": {
            "data": {
              "description": "Image data base64 encoded.",
              "format": "byte",
              "type": "string"
            },
            "height": {
              "description": "Height of screenshot in pixels.",
              "format": "int32",
              "type": "integer"
            },
            "mime_type": {
              "description": "Mime type of image data. E.g. \"image/jpeg\".",
              "type": "string"
            },
            "width": {
              "description": "Width of screenshot in pixels.",
              "format": "int32",
              "type": "integer"
            }
          },
          "type": "object"
        },
        "title": {
          "description": "Title of the page, as displayed in the browser's title bar.",
          "type": "string"
        },
        "version": {
          "description": "The version of PageSpeed used to generate these results.",
          "properties": {
            "major": {
              "description": "The major version number of PageSpeed used to generate these results.",
              "format": "int32",
              "type": "integer"
            },
            "minor": {
              "description": "The minor version number of PageSpeed used to generate these results.",
              "format": "int32",
              "type": "integer"
            }
          },
          "type": "object"
        }
      },
      "type": "object"
    }
  }
}
