{
  "swagger": "2.0",
  "schemes": [
    "https"
  ],
  "host": "storagetransfer.googleapis.com",
  "basePath": "/",
  "x-hasEquivalentPaths": true,
  "info": {
    "contact": {
      "name": "Google",
      "url": "https://google.com"
    },
    "description": "Transfers data from external data sources to a Google Cloud Storage bucket or between Google Cloud Storage buckets.",
    "license": {
      "name": "Creative Commons Attribution 3.0",
      "url": "http://creativecommons.org/licenses/by/3.0/"
    },
    "termsOfService": "https://developers.google.com/terms/",
    "title": "Google Storage Transfer",
    "version": "v1",
    "x-apiClientRegistration": {
      "url": "https://console.developers.google.com"
    },
    "x-apisguru-categories": [
      "storage"
    ],
    "x-logo": {
      "url": "https://api.apis.guru/v2/cache/logo/https_www.google.com_images_branding_googlelogo_2x_googlelogo_color_272x92dp.png"
    },
    "x-origin": [
      {
        "converter": {
          "url": "https://github.com/lucybot/api-spec-converter",
          "version": "2.0.1"
        },
        "format": "google",
        "url": "https://storagetransfer.googleapis.com/$discovery/rest?version=v1",
        "version": "v1"
      }
    ],
    "x-preferred": true,
    "x-providerName": "googleapis.com",
    "x-serviceName": "storagetransfer"
  },
  "externalDocs": {
    "url": "https://cloud.google.com/storage/transfer"
  },
  "securityDefinitions": {
    "Oauth2": {
      "authorizationUrl": "https://accounts.google.com/o/oauth2/auth",
      "description": "Oauth 2.0 implicit authentication",
      "flow": "implicit",
      "scopes": {
        "https://www.googleapis.com/auth/cloud-platform": "View and manage your data across Google Cloud Platform services"
      },
      "type": "oauth2"
    },
    "Oauth2c": {
      "authorizationUrl": "https://accounts.google.com/o/oauth2/auth",
      "description": "Oauth 2.0 accessCode authentication",
      "flow": "accessCode",
      "scopes": {
        "https://www.googleapis.com/auth/cloud-platform": "View and manage your data across Google Cloud Platform services"
      },
      "tokenUrl": "https://accounts.google.com/o/oauth2/token",
      "type": "oauth2"
    }
  },
  "parameters": {
    "$.xgafv": {
      "description": "V1 error format.",
      "enum": [
        "1",
        "2"
      ],
      "in": "query",
      "name": "$.xgafv",
      "type": "string"
    },
    "access_token": {
      "description": "OAuth access token.",
      "in": "query",
      "name": "access_token",
      "type": "string"
    },
    "alt": {
      "default": "json",
      "description": "Data format for response.",
      "enum": [
        "json",
        "media",
        "proto"
      ],
      "in": "query",
      "name": "alt",
      "type": "string"
    },
    "bearer_token": {
      "description": "OAuth bearer token.",
      "in": "query",
      "name": "bearer_token",
      "type": "string"
    },
    "callback": {
      "description": "JSONP",
      "in": "query",
      "name": "callback",
      "type": "string"
    },
    "fields": {
      "description": "Selector specifying which fields to include in a partial response.",
      "in": "query",
      "name": "fields",
      "type": "string"
    },
    "key": {
      "description": "API key. Your API key identifies your project and provides you with API access, quota, and reports. Required unless you provide an OAuth 2.0 token.",
      "in": "query",
      "name": "key",
      "type": "string"
    },
    "oauth_token": {
      "description": "OAuth 2.0 token for the current user.",
      "in": "query",
      "name": "oauth_token",
      "type": "string"
    },
    "pp": {
      "default": true,
      "description": "Pretty-print response.",
      "in": "query",
      "name": "pp",
      "type": "boolean"
    },
    "prettyPrint": {
      "default": true,
      "description": "Returns response with indentations and line breaks.",
      "in": "query",
      "name": "prettyPrint",
      "type": "boolean"
    },
    "quotaUser": {
      "description": "Available to use for quota purposes for server-side applications. Can be any arbitrary string assigned to a user, but should not exceed 40 characters.",
      "in": "query",
      "name": "quotaUser",
      "type": "string"
    },
    "uploadType": {
      "description": "Legacy upload protocol for media (e.g. \"media\", \"multipart\").",
      "in": "query",
      "name": "uploadType",
      "type": "string"
    },
    "upload_protocol": {
      "description": "Upload protocol for media (e.g. \"raw\", \"multipart\").",
      "in": "query",
      "name": "upload_protocol",
      "type": "string"
    }
  },
  "tags": [
    {
      "name": "googleServiceAccounts"
    },
    {
      "name": "transferJobs"
    },
    {
      "name": "transferOperations"
    }
  ],
  "paths": {
    "/v1/googleServiceAccounts/{projectId}": {
      "get": {
        "description": "Returns the Google service account that is used by Storage Transfer\nService to access buckets in the project where transfers\nrun or in other projects. Each Google service account is associated\nwith one Google Cloud Platform Console project. Users\nshould add this service account to the Google Cloud Storage bucket\nACLs to grant access to Storage Transfer Service. This service\naccount is created and owned by Storage Transfer Service and can\nonly be used by Storage Transfer Service.",
        "operationId": "storagetransfer.googleServiceAccounts.get",
        "parameters": [
          {
            "description": "The ID of the Google Cloud Platform Console project that the Google service\naccount is associated with.\nRequired.",
            "in": "path",
            "name": "projectId",
            "required": true,
            "type": "string"
          }
        ],
        "responses": {
          "200": {
            "description": "Successful response",
            "schema": {
              "$ref": "#/definitions/GoogleServiceAccount"
            }
          }
        },
        "security": [
          {
            "Oauth2": [
              "https://www.googleapis.com/auth/cloud-platform"
            ],
            "Oauth2c": [
              "https://www.googleapis.com/auth/cloud-platform"
            ]
          }
        ],
        "tags": [
          "googleServiceAccounts"
        ]
      },
      "parameters": [
        {
          "$ref": "#/parameters/$.xgafv"
        },
        {
          "$ref": "#/parameters/access_token"
        },
        {
          "$ref": "#/parameters/alt"
        },
        {
          "$ref": "#/parameters/bearer_token"
        },
        {
          "$ref": "#/parameters/callback"
        },
        {
          "$ref": "#/parameters/fields"
        },
        {
          "$ref": "#/parameters/key"
        },
        {
          "$ref": "#/parameters/oauth_token"
        },
        {
          "$ref": "#/parameters/pp"
        },
        {
          "$ref": "#/parameters/prettyPrint"
        },
        {
          "$ref": "#/parameters/quotaUser"
        },
        {
          "$ref": "#/parameters/uploadType"
        },
        {
          "$ref": "#/parameters/upload_protocol"
        }
      ]
    },
    "/v1/transferJobs": {
      "get": {
        "description": "Lists transfer jobs.",
        "operationId": "storagetransfer.transferJobs.list",
        "parameters": [
          {
            "description": "A list of query parameters specified as JSON text in the form of\n{\"project_id\":\"my_project_id\",\n\"job_names\":[\"jobid1\",\"jobid2\",...],\n\"job_statuses\":[\"status1\",\"status2\",...]}.\nSince `job_names` and `job_statuses` support multiple values, their values\nmust be specified with array notation. `project_id` is required. `job_names`\nand `job_statuses` are optional.  The valid values for `job_statuses` are\ncase-insensitive: `ENABLED`, `DISABLED`, and `DELETED`.",
            "in": "query",
            "name": "filter",
            "type": "string"
          },
          {
            "description": "The list page size. The max allowed value is 256.",
            "in": "query",
            "name": "pageSize",
            "type": "integer"
          },
          {
            "description": "The list page token.",
            "in": "query",
            "name": "pageToken",
            "type": "string"
          }
        ],
        "responses": {
          "200": {
            "description": "Successful response",
            "schema": {
              "$ref": "#/definitions/ListTransferJobsResponse"
            }
          }
        },
        "security": [
          {
            "Oauth2": [
              "https://www.googleapis.com/auth/cloud-platform"
            ],
            "Oauth2c": [
              "https://www.googleapis.com/auth/cloud-platform"
            ]
          }
        ],
        "tags": [
          "transferJobs"
        ]
      },
      "parameters": [
        {
          "$ref": "#/parameters/$.xgafv"
        },
        {
          "$ref": "#/parameters/access_token"
        },
        {
          "$ref": "#/parameters/alt"
        },
        {
          "$ref": "#/parameters/bearer_token"
        },
        {
          "$ref": "#/parameters/callback"
        },
        {
          "$ref": "#/parameters/fields"
        },
        {
          "$ref": "#/parameters/key"
        },
        {
          "$ref": "#/parameters/oauth_token"
        },
        {
          "$ref": "#/parameters/pp"
        },
        {
          "$ref": "#/parameters/prettyPrint"
        },
        {
          "$ref": "#/parameters/quotaUser"
        },
        {
          "$ref": "#/parameters/uploadType"
        },
        {
          "$ref": "#/parameters/upload_protocol"
        }
      ],
      "post": {
        "description": "Creates a transfer job that runs periodically.",
        "operationId": "storagetransfer.transferJobs.create",
        "parameters": [
          {
            "in": "body",
            "name": "body",
            "schema": {
              "$ref": "#/definitions/TransferJob"
            }
          }
        ],
        "responses": {
          "200": {
            "description": "Successful response",
            "schema": {
              "$ref": "#/definitions/TransferJob"
            }
          }
        },
        "security": [
          {
            "Oauth2": [
              "https://www.googleapis.com/auth/cloud-platform"
            ],
            "Oauth2c": [
              "https://www.googleapis.com/auth/cloud-platform"
            ]
          }
        ],
        "tags": [
          "transferJobs"
        ]
      }
    },
    "/v1/{jobName}": {
      "get": {
        "description": "Gets a transfer job.",
        "operationId": "storagetransfer.transferJobs.get",
        "parameters": [
          {
            "description": "The job to get.\nRequired.",
            "in": "path",
            "name": "jobName",
            "required": true,
            "type": "string",
            "x-reservedExpansion": true
          },
          {
            "description": "The ID of the Google Cloud Platform Console project that owns the job.\nRequired.",
            "in": "query",
            "name": "projectId",
            "type": "string"
          }
        ],
        "responses": {
          "200": {
            "description": "Successful response",
            "schema": {
              "$ref": "#/definitions/TransferJob"
            }
          }
        },
        "security": [
          {
            "Oauth2": [
              "https://www.googleapis.com/auth/cloud-platform"
            ],
            "Oauth2c": [
              "https://www.googleapis.com/auth/cloud-platform"
            ]
          }
        ],
        "tags": [
          "transferJobs"
        ]
      },
      "parameters": [
        {
          "$ref": "#/parameters/$.xgafv"
        },
        {
          "$ref": "#/parameters/access_token"
        },
        {
          "$ref": "#/parameters/alt"
        },
        {
          "$ref": "#/parameters/bearer_token"
        },
        {
          "$ref": "#/parameters/callback"
        },
        {
          "$ref": "#/parameters/fields"
        },
        {
          "$ref": "#/parameters/key"
        },
        {
          "$ref": "#/parameters/oauth_token"
        },
        {
          "$ref": "#/parameters/pp"
        },
        {
          "$ref": "#/parameters/prettyPrint"
        },
        {
          "$ref": "#/parameters/quotaUser"
        },
        {
          "$ref": "#/parameters/uploadType"
        },
        {
          "$ref": "#/parameters/upload_protocol"
        }
      ],
      "patch": {
        "description": "Updates a transfer job. Updating a job's transfer spec does not affect\ntransfer operations that are running already. Updating the scheduling\nof a job is not allowed.",
        "operationId": "storagetransfer.transferJobs.patch",
        "parameters": [
          {
            "in": "body",
            "name": "body",
            "schema": {
              "$ref": "#/definitions/UpdateTransferJobRequest"
            }
          },
          {
            "description": "The name of job to update.\nRequired.",
            "in": "path",
            "name": "jobName",
            "required": true,
            "type": "string",
            "x-reservedExpansion": true
          }
        ],
        "responses": {
          "200": {
            "description": "Successful response",
            "schema": {
              "$ref": "#/definitions/TransferJob"
            }
          }
        },
        "security": [
          {
            "Oauth2": [
              "https://www.googleapis.com/auth/cloud-platform"
            ],
            "Oauth2c": [
              "https://www.googleapis.com/auth/cloud-platform"
            ]
          }
        ],
        "tags": [
          "transferJobs"
        ]
      }
    },
    "/v1/{name}": {
      "delete": {
        "description": "This method is not supported and the server returns `UNIMPLEMENTED`.",
        "operationId": "storagetransfer.transferOperations.delete",
        "parameters": [
          {
            "description": "The name of the operation resource to be deleted.",
            "in": "path",
            "name": "name",
            "required": true,
            "type": "string",
            "x-reservedExpansion": true
          }
        ],
        "responses": {
          "200": {
            "description": "Successful response",
            "schema": {
              "$ref": "#/definitions/Empty"
            }
          }
        },
        "security": [
          {
            "Oauth2": [
              "https://www.googleapis.com/auth/cloud-platform"
            ],
            "Oauth2c": [
              "https://www.googleapis.com/auth/cloud-platform"
            ]
          }
        ],
        "tags": [
          "transferOperations"
        ]
      },
      "get": {
        "description": "Lists operations that match the specified filter in the request. If the\nserver doesn't support this method, it returns `UNIMPLEMENTED`.\n\nNOTE: the `name` binding below allows API services to override the binding\nto use different resource name schemes, such as `users/*/operations`.",
        "operationId": "storagetransfer.transferOperations.list",
        "parameters": [
          {
            "description": "A list of query parameters specified as JSON text in the form of {\\\"project_id\\\" : \\\"my_project_id\\\", \\\"job_names\\\" : [\\\"jobid1\\\", \\\"jobid2\\\",...], \\\"operation_names\\\" : [\\\"opid1\\\", \\\"opid2\\\",...], \\\"transfer_statuses\\\":[\\\"status1\\\", \\\"status2\\\",...]}. Since `job_names`, `operation_names`, and `transfer_statuses` support multiple values, they must be specified with array notation. `job_names`, `operation_names`, and `transfer_statuses` are optional.",
            "in": "query",
            "name": "filter",
            "type": "string"
          },
          {
            "description": "The value `transferOperations`.",
            "in": "path",
            "name": "name",
            "required": true,
            "type": "string",
            "x-reservedExpansion": true
          },
          {
            "description": "The list page size. The max allowed value is 256.",
            "in": "query",
            "name": "pageSize",
            "type": "integer"
          },
          {
            "description": "The list page token.",
            "in": "query",
            "name": "pageToken",
            "type": "string"
          }
        ],
        "responses": {
          "200": {
            "description": "Successful response",
            "schema": {
              "$ref": "#/definitions/ListOperationsResponse"
            }
          }
        },
        "security": [
          {
            "Oauth2": [
              "https://www.googleapis.com/auth/cloud-platform"
            ],
            "Oauth2c": [
              "https://www.googleapis.com/auth/cloud-platform"
            ]
          }
        ],
        "tags": [
          "transferOperations"
        ]
      },
      "parameters": [
        {
          "$ref": "#/parameters/$.xgafv"
        },
        {
          "$ref": "#/parameters/access_token"
        },
        {
          "$ref": "#/parameters/alt"
        },
        {
          "$ref": "#/parameters/bearer_token"
        },
        {
          "$ref": "#/parameters/callback"
        },
        {
          "$ref": "#/parameters/fields"
        },
        {
          "$ref": "#/parameters/key"
        },
        {
          "$ref": "#/parameters/oauth_token"
        },
        {
          "$ref": "#/parameters/pp"
        },
        {
          "$ref": "#/parameters/prettyPrint"
        },
        {
          "$ref": "#/parameters/quotaUser"
        },
        {
          "$ref": "#/parameters/uploadType"
        },
        {
          "$ref": "#/parameters/upload_protocol"
        }
      ]
    },
    "/v1/{name}:cancel": {
      "parameters": [
        {
          "$ref": "#/parameters/$.xgafv"
        },
        {
          "$ref": "#/parameters/access_token"
        },
        {
          "$ref": "#/parameters/alt"
        },
        {
          "$ref": "#/parameters/bearer_token"
        },
        {
          "$ref": "#/parameters/callback"
        },
        {
          "$ref": "#/parameters/fields"
        },
        {
          "$ref": "#/parameters/key"
        },
        {
          "$ref": "#/parameters/oauth_token"
        },
        {
          "$ref": "#/parameters/pp"
        },
        {
          "$ref": "#/parameters/prettyPrint"
        },
        {
          "$ref": "#/parameters/quotaUser"
        },
        {
          "$ref": "#/parameters/uploadType"
        },
        {
          "$ref": "#/parameters/upload_protocol"
        }
      ],
      "post": {
        "description": "Cancels a transfer. Use the get method to check whether the cancellation succeeded or whether the operation completed despite cancellation.",
        "operationId": "storagetransfer.transferOperations.cancel",
        "parameters": [
          {
            "description": "The name of the operation resource to be cancelled.",
            "in": "path",
            "name": "name",
            "required": true,
            "type": "string",
            "x-reservedExpansion": true
          }
        ],
        "responses": {
          "200": {
            "description": "Successful response",
            "schema": {
              "$ref": "#/definitions/Empty"
            }
          }
        },
        "security": [
          {
            "Oauth2": [
              "https://www.googleapis.com/auth/cloud-platform"
            ],
            "Oauth2c": [
              "https://www.googleapis.com/auth/cloud-platform"
            ]
          }
        ],
        "tags": [
          "transferOperations"
        ]
      }
    },
    "/v1/{name}:pause": {
      "parameters": [
        {
          "$ref": "#/parameters/$.xgafv"
        },
        {
          "$ref": "#/parameters/access_token"
        },
        {
          "$ref": "#/parameters/alt"
        },
        {
          "$ref": "#/parameters/bearer_token"
        },
        {
          "$ref": "#/parameters/callback"
        },
        {
          "$ref": "#/parameters/fields"
        },
        {
          "$ref": "#/parameters/key"
        },
        {
          "$ref": "#/parameters/oauth_token"
        },
        {
          "$ref": "#/parameters/pp"
        },
        {
          "$ref": "#/parameters/prettyPrint"
        },
        {
          "$ref": "#/parameters/quotaUser"
        },
        {
          "$ref": "#/parameters/uploadType"
        },
        {
          "$ref": "#/parameters/upload_protocol"
        }
      ],
      "post": {
        "description": "Pauses a transfer operation.",
        "operationId": "storagetransfer.transferOperations.pause",
        "parameters": [
          {
            "in": "body",
            "name": "body",
            "schema": {
              "$ref": "#/definitions/PauseTransferOperationRequest"
            }
          },
          {
            "description": "The name of the transfer operation.\nRequired.",
            "in": "path",
            "name": "name",
            "required": true,
            "type": "string",
            "x-reservedExpansion": true
          }
        ],
        "responses": {
          "200": {
            "description": "Successful response",
            "schema": {
              "$ref": "#/definitions/Empty"
            }
          }
        },
        "security": [
          {
            "Oauth2": [
              "https://www.googleapis.com/auth/cloud-platform"
            ],
            "Oauth2c": [
              "https://www.googleapis.com/auth/cloud-platform"
            ]
          }
        ],
        "tags": [
          "transferOperations"
        ]
      }
    },
    "/v1/{name}:resume": {
      "parameters": [
        {
          "$ref": "#/parameters/$.xgafv"
        },
        {
          "$ref": "#/parameters/access_token"
        },
        {
          "$ref": "#/parameters/alt"
        },
        {
          "$ref": "#/parameters/bearer_token"
        },
        {
          "$ref": "#/parameters/callback"
        },
        {
          "$ref": "#/parameters/fields"
        },
        {
          "$ref": "#/parameters/key"
        },
        {
          "$ref": "#/parameters/oauth_token"
        },
        {
          "$ref": "#/parameters/pp"
        },
        {
          "$ref": "#/parameters/prettyPrint"
        },
        {
          "$ref": "#/parameters/quotaUser"
        },
        {
          "$ref": "#/parameters/uploadType"
        },
        {
          "$ref": "#/parameters/upload_protocol"
        }
      ],
      "post": {
        "description": "Resumes a transfer operation that is paused.",
        "operationId": "storagetransfer.transferOperations.resume",
        "parameters": [
          {
            "in": "body",
            "name": "body",
            "schema": {
              "$ref": "#/definitions/ResumeTransferOperationRequest"
            }
          },
          {
            "description": "The name of the transfer operation.\nRequired.",
            "in": "path",
            "name": "name",
            "required": true,
            "type": "string",
            "x-reservedExpansion": true
          }
        ],
        "responses": {
          "200": {
            "description": "Successful response",
            "schema": {
              "$ref": "#/definitions/Empty"
            }
          }
        },
        "security": [
          {
            "Oauth2": [
              "https://www.googleapis.com/auth/cloud-platform"
            ],
            "Oauth2c": [
              "https://www.googleapis.com/auth/cloud-platform"
            ]
          }
        ],
        "tags": [
          "transferOperations"
        ]
      }
    }
  },
  "definitions": {
    "AwsAccessKey": {
      "description": "AWS access key (see\n[AWS Security Credentials](http://docs.aws.amazon.com/general/latest/gr/aws-security-credentials.html)).",
      "properties": {
        "accessKeyId": {
          "description": "AWS access key ID.\nRequired.",
          "type": "string"
        },
        "secretAccessKey": {
          "description": "AWS secret access key. This field is not returned in RPC responses.\nRequired.",
          "type": "string"
        }
      },
      "type": "object"
    },
    "AwsS3Data": {
      "description": "An AwsS3Data can be a data source, but not a data sink.\nIn an AwsS3Data, an object's name is the S3 object's key name.",
      "properties": {
        "awsAccessKey": {
          "$ref": "#/definitions/AwsAccessKey",
          "description": "AWS access key used to sign the API requests to the AWS S3 bucket.\nPermissions on the bucket must be granted to the access ID of the\nAWS access key.\nRequired."
        },
        "bucketName": {
          "description": "S3 Bucket name (see\n[Creating a bucket](http://docs.aws.amazon.com/AmazonS3/latest/dev/create-bucket-get-location-example.html)).\nRequired.",
          "type": "string"
        }
      },
      "type": "object"
    },
    "Date": {
      "description": "Represents a whole calendar date, e.g. date of birth. The time of day and\ntime zone are either specified elsewhere or are not significant. The date\nis relative to the Proleptic Gregorian Calendar. The day may be 0 to\nrepresent a year and month where the day is not significant, e.g. credit card\nexpiration date. The year may be 0 to represent a month and day independent\nof year, e.g. anniversary date. Related types are google.type.TimeOfDay\nand `google.protobuf.Timestamp`.",
      "properties": {
        "day": {
          "description": "Day of month. Must be from 1 to 31 and valid for the year and month, or 0\nif specifying a year/month where the day is not significant.",
          "format": "int32",
          "type": "integer"
        },
        "month": {
          "description": "Month of year. Must be from 1 to 12.",
          "format": "int32",
          "type": "integer"
        },
        "year": {
          "description": "Year of date. Must be from 1 to 9999, or 0 if specifying a date without\na year.",
          "format": "int32",
          "type": "integer"
        }
      },
      "type": "object"
    },
    "Empty": {
      "description": "A generic empty message that you can re-use to avoid defining duplicated\nempty messages in your APIs. A typical example is to use it as the request\nor the response type of an API method. For instance:\n\n    service Foo {\n      rpc Bar(google.protobuf.Empty) returns (google.protobuf.Empty);\n    }\n\nThe JSON representation for `Empty` is empty JSON object `{}`.",
      "properties": {},
      "type": "object"
    },
    "ErrorLogEntry": {
      "description": "An entry describing an error that has occurred.",
      "properties": {
        "errorDetails": {
          "description": "A list of messages that carry the error details.",
          "items": {
            "type": "string"
          },
          "type": "array"
        },
        "url": {
          "description": "A URL that refers to the target (a data source, a data sink,\nor an object) with which the error is associated.\nRequired.",
          "type": "string"
        }
      },
      "type": "object"
    },
    "ErrorSummary": {
      "description": "A summary of errors by error code, plus a count and sample error log\nentries.",
      "properties": {
        "errorCode": {
          "description": "Required.",
          "enum": [
            "OK",
            "CANCELLED",
            "UNKNOWN",
            "INVALID_ARGUMENT",
            "DEADLINE_EXCEEDED",
            "NOT_FOUND",
            "ALREADY_EXISTS",
            "PERMISSION_DENIED",
            "UNAUTHENTICATED",
            "RESOURCE_EXHAUSTED",
            "FAILED_PRECONDITION",
            "ABORTED",
            "OUT_OF_RANGE",
            "UNIMPLEMENTED",
            "INTERNAL",
            "UNAVAILABLE",
            "DATA_LOSS"
          ],
          "type": "string"
        },
        "errorCount": {
          "description": "Count of this type of error.\nRequired.",
          "format": "int64",
          "type": "string"
        },
        "errorLogEntries": {
          "description": "Error samples.",
          "items": {
            "$ref": "#/definitions/ErrorLogEntry"
          },
          "type": "array"
        }
      },
      "type": "object"
    },
    "GcsData": {
      "description": "In a GcsData, an object's name is the Google Cloud Storage object's name and\nits `lastModificationTime` refers to the object's updated time, which changes\nwhen the content or the metadata of the object is updated.",
      "properties": {
        "bucketName": {
          "description": "Google Cloud Storage bucket name (see\n[Bucket Name Requirements](https://cloud.google.com/storage/docs/bucket-naming#requirements)).\nRequired.",
          "type": "string"
        }
      },
      "type": "object"
    },
    "GoogleServiceAccount": {
      "description": "Google service account",
      "properties": {
        "accountEmail": {
          "description": "Required.",
          "type": "string"
        }
      },
      "type": "object"
    },
    "HttpData": {
      "description": "An HttpData specifies a list of objects on the web to be transferred over\nHTTP.  The information of the objects to be transferred is contained in a\nfile referenced by a URL. The first line in the file must be\n\"TsvHttpData-1.0\", which specifies the format of the file.  Subsequent lines\nspecify the information of the list of objects, one object per list entry.\nEach entry has the following tab-delimited fields:\n\n* HTTP URL - The location of the object.\n\n* Length - The size of the object in bytes.\n\n* MD5 - The base64-encoded MD5 hash of the object.\n\nFor an example of a valid TSV file, see\n[Transferring data from URLs](https://cloud.google.com/storage/transfer/#urls)\n\nWhen transferring data based on a URL list, keep the following in mind:\n\n* When an object located at `http(s)://hostname:port/<URL-path>` is transferred\nto a data sink, the name of the object at the data sink is\n`<hostname>/<URL-path>`.\n\n* If the specified size of an object does not match the actual size of the\nobject fetched, the object will not be transferred.\n\n* If the specified MD5 does not match the MD5 computed from the transferred\nbytes, the object transfer will fail. For more information, see\n[Generating MD5 hashes](https://cloud.google.com/storage/transfer/#md5)\n\n* Ensure that each URL you specify is publicly accessible. For\nexample, in Google Cloud Storage you can\n[share an object publicly]\n(https://cloud.google.com/storage/docs/cloud-console#_sharingdata) and get\na link to it.\n\n* Storage Transfer Service obeys `robots.txt` rules and requires the source\nHTTP server to support `Range` requests and to return a `Content-Length`\nheader in each response.\n\n* [ObjectConditions](#ObjectConditions) have no effect when filtering objects\nto transfer.",
      "properties": {
        "listUrl": {
          "description": "The URL that points to the file that stores the object list entries.\nThis file must allow public access.  Currently, only URLs with HTTP and\nHTTPS schemes are supported.\nRequired.",
          "type": "string"
        }
      },
      "type": "object"
    },
    "ListOperationsResponse": {
      "description": "The response message for Operations.ListOperations.",
      "properties": {
        "nextPageToken": {
          "description": "The standard List next-page token.",
          "type": "string"
        },
        "operations": {
          "description": "A list of operations that matches the specified filter in the request.",
          "items": {
            "$ref": "#/definitions/Operation"
          },
          "type": "array"
        }
      },
      "type": "object"
    },
    "ListTransferJobsResponse": {
      "description": "Response from ListTransferJobs.",
      "properties": {
        "nextPageToken": {
          "description": "The list next page token.",
          "type": "string"
        },
        "transferJobs": {
          "description": "A list of transfer jobs.",
          "items": {
            "$ref": "#/definitions/TransferJob"
          },
          "type": "array"
        }
      },
      "type": "object"
    },
    "ObjectConditions": {
      "description": "Conditions that determine which objects will be transferred.",
      "properties": {
        "excludePrefixes": {
          "description": "`excludePrefixes` must follow the requirements described for\n`includePrefixes`.\n\nThe max size of `excludePrefixes` is 1000.",
          "items": {
            "type": "string"
          },
          "type": "array"
        },
        "includePrefixes": {
          "description": "If `includePrefixes` is specified, objects that satisfy the object\nconditions must have names that start with one of the `includePrefixes`\nand that do not start with any of the `excludePrefixes`. If `includePrefixes`\nis not specified, all objects except those that have names starting with\none of the `excludePrefixes` must satisfy the object conditions.\n\nRequirements:\n\n  * Each include-prefix and exclude-prefix can contain any sequence of\n    Unicode characters, of max length 1024 bytes when UTF8-encoded, and\n    must not contain Carriage Return or Line Feed characters.  Wildcard\n    matching and regular expression matching are not supported.\n\n  * Each include-prefix and exclude-prefix must omit the leading slash.\n    For example, to include the `requests.gz` object in a transfer from\n    `s3://my-aws-bucket/logs/y=2015/requests.gz`, specify the include\n    prefix as `logs/y=2015/requests.gz`.\n\n  * None of the include-prefix or the exclude-prefix values can be empty,\n    if specified.\n\n  * Each include-prefix must include a distinct portion of the object\n    namespace, i.e., no include-prefix may be a prefix of another\n    include-prefix.\n\n  * Each exclude-prefix must exclude a distinct portion of the object\n    namespace, i.e., no exclude-prefix may be a prefix of another\n    exclude-prefix.\n\n  * If `includePrefixes` is specified, then each exclude-prefix must start\n    with the value of a path explicitly included by `includePrefixes`.\n\nThe max size of `includePrefixes` is 1000.",
          "items": {
            "type": "string"
          },
          "type": "array"
        },
        "maxTimeElapsedSinceLastModification": {
          "description": "`maxTimeElapsedSinceLastModification` is the complement to\n`minTimeElapsedSinceLastModification`.",
          "format": "google-duration",
          "type": "string"
        },
        "minTimeElapsedSinceLastModification": {
          "description": "If unspecified, `minTimeElapsedSinceLastModification` takes a zero value\nand `maxTimeElapsedSinceLastModification` takes the maximum possible\nvalue of Duration. Objects that satisfy the object conditions\nmust either have a `lastModificationTime` greater or equal to\n`NOW` - `maxTimeElapsedSinceLastModification` and less than\n`NOW` - `minTimeElapsedSinceLastModification`, or not have a\n`lastModificationTime`.",
          "format": "google-duration",
          "type": "string"
        }
      },
      "type": "object"
    },
    "Operation": {
      "description": "This resource represents a long-running operation that is the result of a\nnetwork API call.",
      "properties": {
        "done": {
          "description": "If the value is `false`, it means the operation is still in progress.\nIf true, the operation is completed, and either `error` or `response` is\navailable.",
          "type": "boolean"
        },
        "error": {
          "$ref": "#/definitions/Status",
          "description": "The error result of the operation in case of failure or cancellation."
        },
        "metadata": {
          "additionalProperties": {
            "description": "Properties of the object. Contains field @type with type URL."
          },
          "description": "Represents the transfer operation object.",
          "type": "object"
        },
        "name": {
          "description": "The server-assigned name, which is only unique within the same service that originally returns it. If you use the default HTTP mapping, the `name` should have the format of `transferOperations/some/unique/name`.",
          "type": "string"
        },
        "response": {
          "additionalProperties": {
            "description": "Properties of the object. Contains field @type with type URL."
          },
          "description": "The normal response of the operation in case of success.  If the original\nmethod returns no data on success, such as `Delete`, the response is\n`google.protobuf.Empty`.  If the original method is standard\n`Get`/`Create`/`Update`, the response should be the resource.  For other\nmethods, the response should have the type `XxxResponse`, where `Xxx`\nis the original method name.  For example, if the original method name\nis `TakeSnapshot()`, the inferred response type is\n`TakeSnapshotResponse`.",
          "type": "object"
        }
      },
      "type": "object"
    },
    "PauseTransferOperationRequest": {
      "description": "Request passed to PauseTransferOperation.",
      "properties": {},
      "type": "object"
    },
    "ResumeTransferOperationRequest": {
      "description": "Request passed to ResumeTransferOperation.",
      "properties": {},
      "type": "object"
    },
    "Schedule": {
      "description": "Transfers can be scheduled to recur or to run just once.",
      "properties": {
        "scheduleEndDate": {
          "$ref": "#/definitions/Date",
          "description": "The last day the recurring transfer will be run. If `scheduleEndDate`\nis the same as `scheduleStartDate`, the transfer will be executed only\nonce."
        },
        "scheduleStartDate": {
          "$ref": "#/definitions/Date",
          "description": "The first day the recurring transfer is scheduled to run. If\n`scheduleStartDate` is in the past, the transfer will run for the first\ntime on the following day.\nRequired."
        },
        "startTimeOfDay": {
          "$ref": "#/definitions/TimeOfDay",
          "description": "The time in UTC at which the transfer will be scheduled to start in a day.\nTransfers may start later than this time. If not specified, recurring and\none-time transfers that are scheduled to run today will run immediately;\nrecurring transfers that are scheduled to run on a future date will start\nat approximately midnight UTC on that date. Note that when configuring a\ntransfer with the Cloud Platform Console, the transfer's start time in a\nday is specified in your local timezone."
        }
      },
      "type": "object"
    },
    "Status": {
      "description": "The `Status` type defines a logical error model that is suitable for different\nprogramming environments, including REST APIs and RPC APIs. It is used by\n[gRPC](https://github.com/grpc). The error model is designed to be:\n\n- Simple to use and understand for most users\n- Flexible enough to meet unexpected needs\n\n# Overview\n\nThe `Status` message contains three pieces of data: error code, error message,\nand error details. The error code should be an enum value of\ngoogle.rpc.Code, but it may accept additional error codes if needed.  The\nerror message should be a developer-facing English message that helps\ndevelopers *understand* and *resolve* the error. If a localized user-facing\nerror message is needed, put the localized message in the error details or\nlocalize it in the client. The optional error details may contain arbitrary\ninformation about the error. There is a predefined set of error detail types\nin the package `google.rpc` which can be used for common error conditions.\n\n# Language mapping\n\nThe `Status` message is the logical representation of the error model, but it\nis not necessarily the actual wire format. When the `Status` message is\nexposed in different client libraries and different wire protocols, it can be\nmapped differently. For example, it will likely be mapped to some exceptions\nin Java, but more likely mapped to some error codes in C.\n\n# Other uses\n\nThe error model and the `Status` message can be used in a variety of\nenvironments, either with or without APIs, to provide a\nconsistent developer experience across different environments.\n\nExample uses of this error model include:\n\n- Partial errors. If a service needs to return partial errors to the client,\n    it may embed the `Status` in the normal response to indicate the partial\n    errors.\n\n- Workflow errors. A typical workflow has multiple steps. Each step may\n    have a `Status` message for error reporting purpose.\n\n- Batch operations. If a client uses batch request and batch response, the\n    `Status` message should be used directly inside batch response, one for\n    each error sub-response.\n\n- Asynchronous operations. If an API call embeds asynchronous operation\n    results in its response, the status of those operations should be\n    represented directly using the `Status` message.\n\n- Logging. If some API errors are stored in logs, the message `Status` could\n    be used directly after any stripping needed for security/privacy reasons.",
      "properties": {
        "code": {
          "description": "The status code, which should be an enum value of google.rpc.Code.",
          "format": "int32",
          "type": "integer"
        },
        "details": {
          "description": "A list of messages that carry the error details.  There will be a\ncommon set of message types for APIs to use.",
          "items": {
            "additionalProperties": {
              "description": "Properties of the object. Contains field @type with type URL."
            },
            "type": "object"
          },
          "type": "array"
        },
        "message": {
          "description": "A developer-facing error message, which should be in English. Any\nuser-facing error message should be localized and sent in the\ngoogle.rpc.Status.details field, or localized by the client.",
          "type": "string"
        }
      },
      "type": "object"
    },
    "TimeOfDay": {
      "description": "Represents a time of day. The date and time zone are either not significant\nor are specified elsewhere. An API may choose to allow leap seconds. Related\ntypes are google.type.Date and `google.protobuf.Timestamp`.",
      "properties": {
        "hours": {
          "description": "Hours of day in 24 hour format. Should be from 0 to 23. An API may choose\nto allow the value \"24:00:00\" for scenarios like business closing time.",
          "format": "int32",
          "type": "integer"
        },
        "minutes": {
          "description": "Minutes of hour of day. Must be from 0 to 59.",
          "format": "int32",
          "type": "integer"
        },
        "nanos": {
          "description": "Fractions of seconds in nanoseconds. Must be from 0 to 999,999,999.",
          "format": "int32",
          "type": "integer"
        },
        "seconds": {
          "description": "Seconds of minutes of the time. Must normally be from 0 to 59. An API may\nallow the value 60 if it allows leap-seconds.",
          "format": "int32",
          "type": "integer"
        }
      },
      "type": "object"
    },
    "TransferCounters": {
      "description": "A collection of counters that report the progress of a transfer operation.",
      "properties": {
        "bytesCopiedToSink": {
          "description": "Bytes that are copied to the data sink.",
          "format": "int64",
          "type": "string"
        },
        "bytesDeletedFromSink": {
          "description": "Bytes that are deleted from the data sink.",
          "format": "int64",
          "type": "string"
        },
        "bytesDeletedFromSource": {
          "description": "Bytes that are deleted from the data source.",
          "format": "int64",
          "type": "string"
        },
        "bytesFailedToDeleteFromSink": {
          "description": "Bytes that failed to be deleted from the data sink.",
          "format": "int64",
          "type": "string"
        },
        "bytesFoundFromSource": {
          "description": "Bytes found in the data source that are scheduled to be transferred,\nwhich will be copied, excluded based on conditions, or skipped due to\nfailures.",
          "format": "int64",
          "type": "string"
        },
        "bytesFoundOnlyFromSink": {
          "description": "Bytes found only in the data sink that are scheduled to be deleted.",
          "format": "int64",
          "type": "string"
        },
        "bytesFromSourceFailed": {
          "description": "Bytes in the data source that failed during the transfer.",
          "format": "int64",
          "type": "string"
        },
        "bytesFromSourceSkippedBySync": {
          "description": "Bytes in the data source that are not transferred because they already\nexist in the data sink.",
          "format": "int64",
          "type": "string"
        },
        "objectsCopiedToSink": {
          "description": "Objects that are copied to the data sink.",
          "format": "int64",
          "type": "string"
        },
        "objectsDeletedFromSink": {
          "description": "Objects that are deleted from the data sink.",
          "format": "int64",
          "type": "string"
        },
        "objectsDeletedFromSource": {
          "description": "Objects that are deleted from the data source.",
          "format": "int64",
          "type": "string"
        },
        "objectsFailedToDeleteFromSink": {
          "description": "Objects that failed to be deleted from the data sink.",
          "format": "int64",
          "type": "string"
        },
        "objectsFoundFromSource": {
          "description": "Objects found in the data source that are scheduled to be transferred,\nwhich will be copied, excluded based on conditions, or skipped due to\nfailures.",
          "format": "int64",
          "type": "string"
        },
        "objectsFoundOnlyFromSink": {
          "description": "Objects found only in the data sink that are scheduled to be deleted.",
          "format": "int64",
          "type": "string"
        },
        "objectsFromSourceFailed": {
          "description": "Objects in the data source that failed during the transfer.",
          "format": "int64",
          "type": "string"
        },
        "objectsFromSourceSkippedBySync": {
          "description": "Objects in the data source that are not transferred because they already\nexist in the data sink.",
          "format": "int64",
          "type": "string"
        }
      },
      "type": "object"
    },
    "TransferJob": {
      "description": "This resource represents the configuration of a transfer job that runs\nperiodically.",
      "properties": {
        "creationTime": {
          "description": "This field cannot be changed by user requests.",
          "format": "google-datetime",
          "type": "string"
        },
        "deletionTime": {
          "description": "This field cannot be changed by user requests.",
          "format": "google-datetime",
          "type": "string"
        },
        "description": {
          "description": "A description provided by the user for the job. Its max length is 1024\nbytes when Unicode-encoded.",
          "type": "string"
        },
        "lastModificationTime": {
          "description": "This field cannot be changed by user requests.",
          "format": "google-datetime",
          "type": "string"
        },
        "name": {
          "description": "A globally unique name assigned by Storage Transfer Service when the\njob is created. This field should be left empty in requests to create a new\ntransfer job; otherwise, the requests result in an `INVALID_ARGUMENT`\nerror.",
          "type": "string"
        },
        "projectId": {
          "description": "The ID of the Google Cloud Platform Console project that owns the job.\nRequired.",
          "type": "string"
        },
        "schedule": {
          "$ref": "#/definitions/Schedule",
          "description": "Schedule specification.\nRequired."
        },
        "status": {
          "description": "Status of the job. This value MUST be specified for\n`CreateTransferJobRequests`.\n\nNOTE: The effect of the new job status takes place during a subsequent job\nrun. For example, if you change the job status from `ENABLED` to\n`DISABLED`, and an operation spawned by the transfer is running, the status\nchange would not affect the current operation.",
          "enum": [
            "STATUS_UNSPECIFIED",
            "ENABLED",
            "DISABLED",
            "DELETED"
          ],
          "type": "string"
        },
        "transferSpec": {
          "$ref": "#/definitions/TransferSpec",
          "description": "Transfer specification.\nRequired."
        }
      },
      "type": "object"
    },
    "TransferOperation": {
      "description": "A description of the execution of a transfer.",
      "properties": {
        "counters": {
          "$ref": "#/definitions/TransferCounters",
          "description": "Information about the progress of the transfer operation."
        },
        "endTime": {
          "description": "End time of this transfer execution.",
          "format": "google-datetime",
          "type": "string"
        },
        "errorBreakdowns": {
          "description": "Summarizes errors encountered with sample error log entries.",
          "items": {
            "$ref": "#/definitions/ErrorSummary"
          },
          "type": "array"
        },
        "name": {
          "description": "A globally unique ID assigned by the system.",
          "type": "string"
        },
        "projectId": {
          "description": "The ID of the Google Cloud Platform Console project that owns the operation.\nRequired.",
          "type": "string"
        },
        "startTime": {
          "description": "Start time of this transfer execution.",
          "format": "google-datetime",
          "type": "string"
        },
        "status": {
          "description": "Status of the transfer operation.",
          "enum": [
            "STATUS_UNSPECIFIED",
            "IN_PROGRESS",
            "PAUSED",
            "SUCCESS",
            "FAILED",
            "ABORTED"
          ],
          "type": "string"
        },
        "transferJobName": {
          "description": "The name of the transfer job that triggers this transfer operation.",
          "type": "string"
        },
        "transferSpec": {
          "$ref": "#/definitions/TransferSpec",
          "description": "Transfer specification.\nRequired."
        }
      },
      "type": "object"
    },
    "TransferOptions": {
      "description": "TransferOptions uses three boolean parameters to define the actions\nto be performed on objects in a transfer.",
      "properties": {
        "deleteObjectsFromSourceAfterTransfer": {
          "description": "Whether objects should be deleted from the source after they are\ntransferred to the sink.",
          "type": "boolean"
        },
        "deleteObjectsUniqueInSink": {
          "description": "Whether objects that exist only in the sink should be deleted.",
          "type": "boolean"
        },
        "overwriteObjectsAlreadyExistingInSink": {
          "description": "Whether overwriting objects that already exist in the sink is allowed.",
          "type": "boolean"
        }
      },
      "type": "object"
    },
    "TransferSpec": {
      "description": "Configuration for running a transfer.",
      "properties": {
        "awsS3DataSource": {
          "$ref": "#/definitions/AwsS3Data",
          "description": "An AWS S3 data source."
        },
        "gcsDataSink": {
          "$ref": "#/definitions/GcsData",
          "description": "A Google Cloud Storage data sink."
        },
        "gcsDataSource": {
          "$ref": "#/definitions/GcsData",
          "description": "A Google Cloud Storage data source."
        },
        "httpDataSource": {
          "$ref": "#/definitions/HttpData",
          "description": "An HTTP URL data source."
        },
        "objectConditions": {
          "$ref": "#/definitions/ObjectConditions",
          "description": "Only objects that satisfy these object conditions are included in the set\nof data source and data sink objects.  Object conditions based on\nobjects' `lastModificationTime` do not exclude objects in a data sink."
        },
        "transferOptions": {
          "$ref": "#/definitions/TransferOptions",
          "description": "If the option `deleteObjectsUniqueInSink` is `true`, object conditions\nbased on objects' `lastModificationTime` are ignored and do not exclude\nobjects in a data source or a data sink."
        }
      },
      "type": "object"
    },
    "UpdateTransferJobRequest": {
      "description": "Request passed to UpdateTransferJob.",
      "properties": {
        "projectId": {
          "description": "The ID of the Google Cloud Platform Console project that owns the job.\nRequired.",
          "type": "string"
        },
        "transferJob": {
          "$ref": "#/definitions/TransferJob",
          "description": "The job to update.\nRequired."
        },
        "updateTransferJobFieldMask": {
          "description": "The field mask of the fields in `transferJob` that are to be updated in\nthis request.  Fields in `transferJob` that can be updated are:\n`description`, `transferSpec`, and `status`.  To update the `transferSpec`\nof the job, a complete transfer specification has to be provided. An\nincomplete specification which misses any required fields will be rejected\nwith the error `INVALID_ARGUMENT`.",
          "format": "google-fieldmask",
          "type": "string"
        }
      },
      "type": "object"
    }
  }
}
