{
  "swagger": "2.0",
  "schemes": [
    "https"
  ],
  "host": "datastore.googleapis.com",
  "basePath": "/",
  "info": {
    "contact": {
      "name": "Google",
      "url": "https://google.com"
    },
    "description": "Accesses the schemaless NoSQL database to provide fully managed, robust, scalable storage for your application.\n",
    "license": {
      "name": "Creative Commons Attribution 3.0",
      "url": "http://creativecommons.org/licenses/by/3.0/"
    },
    "termsOfService": "https://developers.google.com/terms/",
    "title": "Google Cloud Datastore",
    "version": "v1beta3",
    "x-apiClientRegistration": {
      "url": "https://console.developers.google.com"
    },
    "x-apisguru-categories": [
      "storage"
    ],
    "x-logo": {
      "url": "https://api.apis.guru/v2/cache/logo/https_cloud.google.com__static_images_new-gcp-logo.png"
    },
    "x-origin": [
      {
        "converter": {
          "url": "https://github.com/lucybot/api-spec-converter",
          "version": "2.0.1"
        },
        "format": "google",
        "url": "https://datastore.googleapis.com/$discovery/rest?version=v1beta3",
        "version": "v1"
      }
    ],
    "x-preferred": false,
    "x-providerName": "googleapis.com",
    "x-serviceName": "datastore"
  },
  "externalDocs": {
    "url": "https://cloud.google.com/datastore/"
  },
  "securityDefinitions": {
    "Oauth2": {
      "authorizationUrl": "https://accounts.google.com/o/oauth2/auth",
      "description": "Oauth 2.0 implicit authentication",
      "flow": "implicit",
      "scopes": {
        "https://www.googleapis.com/auth/cloud-platform": "View and manage your data across Google Cloud Platform services",
        "https://www.googleapis.com/auth/datastore": "View and manage your Google Cloud Datastore data"
      },
      "type": "oauth2"
    },
    "Oauth2c": {
      "authorizationUrl": "https://accounts.google.com/o/oauth2/auth",
      "description": "Oauth 2.0 accessCode authentication",
      "flow": "accessCode",
      "scopes": {
        "https://www.googleapis.com/auth/cloud-platform": "View and manage your data across Google Cloud Platform services",
        "https://www.googleapis.com/auth/datastore": "View and manage your Google Cloud Datastore data"
      },
      "tokenUrl": "https://accounts.google.com/o/oauth2/token",
      "type": "oauth2"
    }
  },
  "parameters": {
    "$.xgafv": {
      "description": "V1 error format.",
      "enum": [
        "1",
        "2"
      ],
      "in": "query",
      "name": "$.xgafv",
      "type": "string"
    },
    "access_token": {
      "description": "OAuth access token.",
      "in": "query",
      "name": "access_token",
      "type": "string"
    },
    "alt": {
      "default": "json",
      "description": "Data format for response.",
      "enum": [
        "json",
        "media",
        "proto"
      ],
      "in": "query",
      "name": "alt",
      "type": "string"
    },
    "bearer_token": {
      "description": "OAuth bearer token.",
      "in": "query",
      "name": "bearer_token",
      "type": "string"
    },
    "callback": {
      "description": "JSONP",
      "in": "query",
      "name": "callback",
      "type": "string"
    },
    "fields": {
      "description": "Selector specifying which fields to include in a partial response.",
      "in": "query",
      "name": "fields",
      "type": "string"
    },
    "key": {
      "description": "API key. Your API key identifies your project and provides you with API access, quota, and reports. Required unless you provide an OAuth 2.0 token.",
      "in": "query",
      "name": "key",
      "type": "string"
    },
    "oauth_token": {
      "description": "OAuth 2.0 token for the current user.",
      "in": "query",
      "name": "oauth_token",
      "type": "string"
    },
    "pp": {
      "default": true,
      "description": "Pretty-print response.",
      "in": "query",
      "name": "pp",
      "type": "boolean"
    },
    "prettyPrint": {
      "default": true,
      "description": "Returns response with indentations and line breaks.",
      "in": "query",
      "name": "prettyPrint",
      "type": "boolean"
    },
    "quotaUser": {
      "description": "Available to use for quota purposes for server-side applications. Can be any arbitrary string assigned to a user, but should not exceed 40 characters.",
      "in": "query",
      "name": "quotaUser",
      "type": "string"
    },
    "uploadType": {
      "description": "Legacy upload protocol for media (e.g. \"media\", \"multipart\").",
      "in": "query",
      "name": "uploadType",
      "type": "string"
    },
    "upload_protocol": {
      "description": "Upload protocol for media (e.g. \"raw\", \"multipart\").",
      "in": "query",
      "name": "upload_protocol",
      "type": "string"
    }
  },
  "tags": [
    {
      "name": "projects"
    }
  ],
  "paths": {
    "/v1beta3/projects/{projectId}:allocateIds": {
      "parameters": [
        {
          "$ref": "#/parameters/access_token"
        },
        {
          "$ref": "#/parameters/prettyPrint"
        },
        {
          "$ref": "#/parameters/key"
        },
        {
          "$ref": "#/parameters/quotaUser"
        },
        {
          "$ref": "#/parameters/pp"
        },
        {
          "$ref": "#/parameters/fields"
        },
        {
          "$ref": "#/parameters/alt"
        },
        {
          "$ref": "#/parameters/$.xgafv"
        },
        {
          "$ref": "#/parameters/callback"
        },
        {
          "$ref": "#/parameters/oauth_token"
        },
        {
          "$ref": "#/parameters/uploadType"
        },
        {
          "$ref": "#/parameters/bearer_token"
        },
        {
          "$ref": "#/parameters/upload_protocol"
        }
      ],
      "post": {
        "description": "Allocates IDs for the given keys, which is useful for referencing an entity\nbefore it is inserted.",
        "operationId": "datastore.projects.allocateIds",
        "parameters": [
          {
            "description": "The ID of the project against which to make the request.",
            "in": "path",
            "name": "projectId",
            "required": true,
            "type": "string"
          },
          {
            "in": "body",
            "name": "body",
            "schema": {
              "$ref": "#/definitions/AllocateIdsRequest"
            }
          }
        ],
        "responses": {
          "200": {
            "description": "Successful response",
            "schema": {
              "$ref": "#/definitions/AllocateIdsResponse"
            }
          }
        },
        "security": [
          {
            "Oauth2": [
              "https://www.googleapis.com/auth/cloud-platform"
            ],
            "Oauth2c": [
              "https://www.googleapis.com/auth/cloud-platform"
            ]
          },
          {
            "Oauth2": [
              "https://www.googleapis.com/auth/datastore"
            ],
            "Oauth2c": [
              "https://www.googleapis.com/auth/datastore"
            ]
          }
        ],
        "tags": [
          "projects"
        ]
      }
    },
    "/v1beta3/projects/{projectId}:beginTransaction": {
      "parameters": [
        {
          "$ref": "#/parameters/access_token"
        },
        {
          "$ref": "#/parameters/prettyPrint"
        },
        {
          "$ref": "#/parameters/key"
        },
        {
          "$ref": "#/parameters/quotaUser"
        },
        {
          "$ref": "#/parameters/pp"
        },
        {
          "$ref": "#/parameters/fields"
        },
        {
          "$ref": "#/parameters/alt"
        },
        {
          "$ref": "#/parameters/$.xgafv"
        },
        {
          "$ref": "#/parameters/callback"
        },
        {
          "$ref": "#/parameters/oauth_token"
        },
        {
          "$ref": "#/parameters/uploadType"
        },
        {
          "$ref": "#/parameters/bearer_token"
        },
        {
          "$ref": "#/parameters/upload_protocol"
        }
      ],
      "post": {
        "description": "Begins a new transaction.",
        "operationId": "datastore.projects.beginTransaction",
        "parameters": [
          {
            "description": "The ID of the project against which to make the request.",
            "in": "path",
            "name": "projectId",
            "required": true,
            "type": "string"
          },
          {
            "in": "body",
            "name": "body",
            "schema": {
              "$ref": "#/definitions/BeginTransactionRequest"
            }
          }
        ],
        "responses": {
          "200": {
            "description": "Successful response",
            "schema": {
              "$ref": "#/definitions/BeginTransactionResponse"
            }
          }
        },
        "security": [
          {
            "Oauth2": [
              "https://www.googleapis.com/auth/cloud-platform"
            ],
            "Oauth2c": [
              "https://www.googleapis.com/auth/cloud-platform"
            ]
          },
          {
            "Oauth2": [
              "https://www.googleapis.com/auth/datastore"
            ],
            "Oauth2c": [
              "https://www.googleapis.com/auth/datastore"
            ]
          }
        ],
        "tags": [
          "projects"
        ]
      }
    },
    "/v1beta3/projects/{projectId}:commit": {
      "parameters": [
        {
          "$ref": "#/parameters/access_token"
        },
        {
          "$ref": "#/parameters/prettyPrint"
        },
        {
          "$ref": "#/parameters/key"
        },
        {
          "$ref": "#/parameters/quotaUser"
        },
        {
          "$ref": "#/parameters/pp"
        },
        {
          "$ref": "#/parameters/fields"
        },
        {
          "$ref": "#/parameters/alt"
        },
        {
          "$ref": "#/parameters/$.xgafv"
        },
        {
          "$ref": "#/parameters/callback"
        },
        {
          "$ref": "#/parameters/oauth_token"
        },
        {
          "$ref": "#/parameters/uploadType"
        },
        {
          "$ref": "#/parameters/bearer_token"
        },
        {
          "$ref": "#/parameters/upload_protocol"
        }
      ],
      "post": {
        "description": "Commits a transaction, optionally creating, deleting or modifying some\nentities.",
        "operationId": "datastore.projects.commit",
        "parameters": [
          {
            "description": "The ID of the project against which to make the request.",
            "in": "path",
            "name": "projectId",
            "required": true,
            "type": "string"
          },
          {
            "in": "body",
            "name": "body",
            "schema": {
              "$ref": "#/definitions/CommitRequest"
            }
          }
        ],
        "responses": {
          "200": {
            "description": "Successful response",
            "schema": {
              "$ref": "#/definitions/CommitResponse"
            }
          }
        },
        "security": [
          {
            "Oauth2": [
              "https://www.googleapis.com/auth/cloud-platform"
            ],
            "Oauth2c": [
              "https://www.googleapis.com/auth/cloud-platform"
            ]
          },
          {
            "Oauth2": [
              "https://www.googleapis.com/auth/datastore"
            ],
            "Oauth2c": [
              "https://www.googleapis.com/auth/datastore"
            ]
          }
        ],
        "tags": [
          "projects"
        ]
      }
    },
    "/v1beta3/projects/{projectId}:lookup": {
      "parameters": [
        {
          "$ref": "#/parameters/access_token"
        },
        {
          "$ref": "#/parameters/prettyPrint"
        },
        {
          "$ref": "#/parameters/key"
        },
        {
          "$ref": "#/parameters/quotaUser"
        },
        {
          "$ref": "#/parameters/pp"
        },
        {
          "$ref": "#/parameters/fields"
        },
        {
          "$ref": "#/parameters/alt"
        },
        {
          "$ref": "#/parameters/$.xgafv"
        },
        {
          "$ref": "#/parameters/callback"
        },
        {
          "$ref": "#/parameters/oauth_token"
        },
        {
          "$ref": "#/parameters/uploadType"
        },
        {
          "$ref": "#/parameters/bearer_token"
        },
        {
          "$ref": "#/parameters/upload_protocol"
        }
      ],
      "post": {
        "description": "Looks up entities by key.",
        "operationId": "datastore.projects.lookup",
        "parameters": [
          {
            "description": "The ID of the project against which to make the request.",
            "in": "path",
            "name": "projectId",
            "required": true,
            "type": "string"
          },
          {
            "in": "body",
            "name": "body",
            "schema": {
              "$ref": "#/definitions/LookupRequest"
            }
          }
        ],
        "responses": {
          "200": {
            "description": "Successful response",
            "schema": {
              "$ref": "#/definitions/LookupResponse"
            }
          }
        },
        "security": [
          {
            "Oauth2": [
              "https://www.googleapis.com/auth/cloud-platform"
            ],
            "Oauth2c": [
              "https://www.googleapis.com/auth/cloud-platform"
            ]
          },
          {
            "Oauth2": [
              "https://www.googleapis.com/auth/datastore"
            ],
            "Oauth2c": [
              "https://www.googleapis.com/auth/datastore"
            ]
          }
        ],
        "tags": [
          "projects"
        ]
      }
    },
    "/v1beta3/projects/{projectId}:rollback": {
      "parameters": [
        {
          "$ref": "#/parameters/access_token"
        },
        {
          "$ref": "#/parameters/prettyPrint"
        },
        {
          "$ref": "#/parameters/key"
        },
        {
          "$ref": "#/parameters/quotaUser"
        },
        {
          "$ref": "#/parameters/pp"
        },
        {
          "$ref": "#/parameters/fields"
        },
        {
          "$ref": "#/parameters/alt"
        },
        {
          "$ref": "#/parameters/$.xgafv"
        },
        {
          "$ref": "#/parameters/callback"
        },
        {
          "$ref": "#/parameters/oauth_token"
        },
        {
          "$ref": "#/parameters/uploadType"
        },
        {
          "$ref": "#/parameters/bearer_token"
        },
        {
          "$ref": "#/parameters/upload_protocol"
        }
      ],
      "post": {
        "description": "Rolls back a transaction.",
        "operationId": "datastore.projects.rollback",
        "parameters": [
          {
            "description": "The ID of the project against which to make the request.",
            "in": "path",
            "name": "projectId",
            "required": true,
            "type": "string"
          },
          {
            "in": "body",
            "name": "body",
            "schema": {
              "$ref": "#/definitions/RollbackRequest"
            }
          }
        ],
        "responses": {
          "200": {
            "description": "Successful response",
            "schema": {
              "$ref": "#/definitions/RollbackResponse"
            }
          }
        },
        "security": [
          {
            "Oauth2": [
              "https://www.googleapis.com/auth/cloud-platform"
            ],
            "Oauth2c": [
              "https://www.googleapis.com/auth/cloud-platform"
            ]
          },
          {
            "Oauth2": [
              "https://www.googleapis.com/auth/datastore"
            ],
            "Oauth2c": [
              "https://www.googleapis.com/auth/datastore"
            ]
          }
        ],
        "tags": [
          "projects"
        ]
      }
    },
    "/v1beta3/projects/{projectId}:runQuery": {
      "parameters": [
        {
          "$ref": "#/parameters/access_token"
        },
        {
          "$ref": "#/parameters/prettyPrint"
        },
        {
          "$ref": "#/parameters/key"
        },
        {
          "$ref": "#/parameters/quotaUser"
        },
        {
          "$ref": "#/parameters/pp"
        },
        {
          "$ref": "#/parameters/fields"
        },
        {
          "$ref": "#/parameters/alt"
        },
        {
          "$ref": "#/parameters/$.xgafv"
        },
        {
          "$ref": "#/parameters/callback"
        },
        {
          "$ref": "#/parameters/oauth_token"
        },
        {
          "$ref": "#/parameters/uploadType"
        },
        {
          "$ref": "#/parameters/bearer_token"
        },
        {
          "$ref": "#/parameters/upload_protocol"
        }
      ],
      "post": {
        "description": "Queries for entities.",
        "operationId": "datastore.projects.runQuery",
        "parameters": [
          {
            "description": "The ID of the project against which to make the request.",
            "in": "path",
            "name": "projectId",
            "required": true,
            "type": "string"
          },
          {
            "in": "body",
            "name": "body",
            "schema": {
              "$ref": "#/definitions/RunQueryRequest"
            }
          }
        ],
        "responses": {
          "200": {
            "description": "Successful response",
            "schema": {
              "$ref": "#/definitions/RunQueryResponse"
            }
          }
        },
        "security": [
          {
            "Oauth2": [
              "https://www.googleapis.com/auth/cloud-platform"
            ],
            "Oauth2c": [
              "https://www.googleapis.com/auth/cloud-platform"
            ]
          },
          {
            "Oauth2": [
              "https://www.googleapis.com/auth/datastore"
            ],
            "Oauth2c": [
              "https://www.googleapis.com/auth/datastore"
            ]
          }
        ],
        "tags": [
          "projects"
        ]
      }
    }
  },
  "definitions": {
    "AllocateIdsRequest": {
      "description": "The request for Datastore.AllocateIds.",
      "properties": {
        "keys": {
          "description": "A list of keys with incomplete key paths for which to allocate IDs.\nNo key may be reserved/read-only.",
          "items": {
            "$ref": "#/definitions/Key"
          },
          "type": "array"
        }
      },
      "type": "object"
    },
    "AllocateIdsResponse": {
      "description": "The response for Datastore.AllocateIds.",
      "properties": {
        "keys": {
          "description": "The keys specified in the request (in the same order), each with\nits key path completed with a newly allocated ID.",
          "items": {
            "$ref": "#/definitions/Key"
          },
          "type": "array"
        }
      },
      "type": "object"
    },
    "ArrayValue": {
      "description": "An array value.",
      "properties": {
        "values": {
          "description": "Values in the array.\nThe order of this array may not be preserved if it contains a mix of\nindexed and unindexed values.",
          "items": {
            "$ref": "#/definitions/Value"
          },
          "type": "array"
        }
      },
      "type": "object"
    },
    "BeginTransactionRequest": {
      "description": "The request for Datastore.BeginTransaction.",
      "properties": {},
      "type": "object"
    },
    "BeginTransactionResponse": {
      "description": "The response for Datastore.BeginTransaction.",
      "properties": {
        "transaction": {
          "description": "The transaction identifier (always present).",
          "format": "byte",
          "type": "string"
        }
      },
      "type": "object"
    },
    "CommitRequest": {
      "description": "The request for Datastore.Commit.",
      "properties": {
        "mode": {
          "description": "The type of commit to perform. Defaults to `TRANSACTIONAL`.",
          "enum": [
            "MODE_UNSPECIFIED",
            "TRANSACTIONAL",
            "NON_TRANSACTIONAL"
          ],
          "type": "string"
        },
        "mutations": {
          "description": "The mutations to perform.\n\nWhen mode is `TRANSACTIONAL`, mutations affecting a single entity are\napplied in order. The following sequences of mutations affecting a single\nentity are not permitted in a single `Commit` request:\n\n- `insert` followed by `insert`\n- `update` followed by `insert`\n- `upsert` followed by `insert`\n- `delete` followed by `update`\n\nWhen mode is `NON_TRANSACTIONAL`, no two mutations may affect a single\nentity.",
          "items": {
            "$ref": "#/definitions/Mutation"
          },
          "type": "array"
        },
        "transaction": {
          "description": "The identifier of the transaction associated with the commit. A\ntransaction identifier is returned by a call to\nDatastore.BeginTransaction.",
          "format": "byte",
          "type": "string"
        }
      },
      "type": "object"
    },
    "CommitResponse": {
      "description": "The response for Datastore.Commit.",
      "properties": {
        "indexUpdates": {
          "description": "The number of index entries updated during the commit, or zero if none were\nupdated.",
          "format": "int32",
          "type": "integer"
        },
        "mutationResults": {
          "description": "The result of performing the mutations.\nThe i-th mutation result corresponds to the i-th mutation in the request.",
          "items": {
            "$ref": "#/definitions/MutationResult"
          },
          "type": "array"
        }
      },
      "type": "object"
    },
    "CompositeFilter": {
      "description": "A filter that merges multiple other filters using the given operator.",
      "properties": {
        "filters": {
          "description": "The list of filters to combine.\nMust contain at least one filter.",
          "items": {
            "$ref": "#/definitions/Filter"
          },
          "type": "array"
        },
        "op": {
          "description": "The operator for combining multiple filters.",
          "enum": [
            "OPERATOR_UNSPECIFIED",
            "AND"
          ],
          "type": "string"
        }
      },
      "type": "object"
    },
    "Entity": {
      "description": "A Datastore data object.\n\nAn entity is limited to 1 megabyte when stored. That _roughly_\ncorresponds to a limit of 1 megabyte for the serialized form of this\nmessage.",
      "properties": {
        "key": {
          "$ref": "#/definitions/Key",
          "description": "The entity's key.\n\nAn entity must have a key, unless otherwise documented (for example,\nan entity in `Value.entity_value` may have no key).\nAn entity's kind is its key path's last element's kind,\nor null if it has no key."
        },
        "properties": {
          "additionalProperties": {
            "$ref": "#/definitions/Value"
          },
          "description": "The entity's properties.\nThe map's keys are property names.\nA property name matching regex `__.*__` is reserved.\nA reserved property name is forbidden in certain documented contexts.\nThe name must not contain more than 500 characters.\nThe name cannot be `\"\"`.",
          "type": "object"
        }
      },
      "type": "object"
    },
    "EntityResult": {
      "description": "The result of fetching an entity from Datastore.",
      "properties": {
        "cursor": {
          "description": "A cursor that points to the position after the result entity.\nSet only when the `EntityResult` is part of a `QueryResultBatch` message.",
          "format": "byte",
          "type": "string"
        },
        "entity": {
          "$ref": "#/definitions/Entity",
          "description": "The resulting entity."
        },
        "version": {
          "description": "The version of the entity, a strictly positive number that monotonically\nincreases with changes to the entity.\n\nThis field is set for `FULL` entity\nresults.\n\nFor missing entities in `LookupResponse`, this\nis the version of the snapshot that was used to look up the entity, and it\nis always set except for eventually consistent reads.",
          "format": "int64",
          "type": "string"
        }
      },
      "type": "object"
    },
    "Filter": {
      "description": "A holder for any type of filter.",
      "properties": {
        "compositeFilter": {
          "$ref": "#/definitions/CompositeFilter",
          "description": "A composite filter."
        },
        "propertyFilter": {
          "$ref": "#/definitions/PropertyFilter",
          "description": "A filter on a property."
        }
      },
      "type": "object"
    },
    "GqlQuery": {
      "description": "A [GQL query](https://cloud.google.com/datastore/docs/apis/gql/gql_reference).",
      "properties": {
        "allowLiterals": {
          "description": "When false, the query string must not contain any literals and instead must\nbind all values. For example,\n`SELECT * FROM Kind WHERE a = 'string literal'` is not allowed, while\n`SELECT * FROM Kind WHERE a = @value` is.",
          "type": "boolean"
        },
        "namedBindings": {
          "additionalProperties": {
            "$ref": "#/definitions/GqlQueryParameter"
          },
          "description": "For each non-reserved named binding site in the query string, there must be\na named parameter with that name, but not necessarily the inverse.\n\nKey must match regex `A-Za-z_$*`, must not match regex\n`__.*__`, and must not be `\"\"`.",
          "type": "object"
        },
        "positionalBindings": {
          "description": "Numbered binding site @1 references the first numbered parameter,\neffectively using 1-based indexing, rather than the usual 0.\n\nFor each binding site numbered i in `query_string`, there must be an i-th\nnumbered parameter. The inverse must also be true.",
          "items": {
            "$ref": "#/definitions/GqlQueryParameter"
          },
          "type": "array"
        },
        "queryString": {
          "description": "A string of the format described\n[here](https://cloud.google.com/datastore/docs/apis/gql/gql_reference).",
          "type": "string"
        }
      },
      "type": "object"
    },
    "GqlQueryParameter": {
      "description": "A binding parameter for a GQL query.",
      "properties": {
        "cursor": {
          "description": "A query cursor. Query cursors are returned in query\nresult batches.",
          "format": "byte",
          "type": "string"
        },
        "value": {
          "$ref": "#/definitions/Value",
          "description": "A value parameter."
        }
      },
      "type": "object"
    },
    "Key": {
      "description": "A unique identifier for an entity.\nIf a key's partition ID or any of its path kinds or names are\nreserved/read-only, the key is reserved/read-only.\nA reserved/read-only key is forbidden in certain documented contexts.",
      "properties": {
        "partitionId": {
          "$ref": "#/definitions/PartitionId",
          "description": "Entities are partitioned into subsets, currently identified by a project\nID and namespace ID.\nQueries are scoped to a single partition."
        },
        "path": {
          "description": "The entity path.\nAn entity path consists of one or more elements composed of a kind and a\nstring or numerical identifier, which identify entities. The first\nelement identifies a _root entity_, the second element identifies\na _child_ of the root entity, the third element identifies a child of the\nsecond entity, and so forth. The entities identified by all prefixes of\nthe path are called the element's _ancestors_.\n\nAn entity path is always fully complete: *all* of the entity's ancestors\nare required to be in the path along with the entity identifier itself.\nThe only exception is that in some documented cases, the identifier in the\nlast path element (for the entity) itself may be omitted. For example,\nthe last path element of the key of `Mutation.insert` may have no\nidentifier.\n\nA path can never be empty, and a path can have at most 100 elements.",
          "items": {
            "$ref": "#/definitions/PathElement"
          },
          "type": "array"
        }
      },
      "type": "object"
    },
    "KindExpression": {
      "description": "A representation of a kind.",
      "properties": {
        "name": {
          "description": "The name of the kind.",
          "type": "string"
        }
      },
      "type": "object"
    },
    "LatLng": {
      "description": "An object representing a latitude/longitude pair. This is expressed as a pair\nof doubles representing degrees latitude and degrees longitude. Unless\nspecified otherwise, this must conform to the\n<a href=\"http://www.unoosa.org/pdf/icg/2012/template/WGS_84.pdf\">WGS84\nstandard</a>. Values must be within normalized ranges.\n\nExample of normalization code in Python:\n\n    def NormalizeLongitude(longitude):\n      \"\"\"Wraps decimal degrees longitude to [-180.0, 180.0].\"\"\"\n      q, r = divmod(longitude, 360.0)\n      if r > 180.0 or (r == 180.0 and q <= -1.0):\n        return r - 360.0\n      return r\n\n    def NormalizeLatLng(latitude, longitude):\n      \"\"\"Wraps decimal degrees latitude and longitude to\n      [-90.0, 90.0] and [-180.0, 180.0], respectively.\"\"\"\n      r = latitude % 360.0\n      if r <= 90.0:\n        return r, NormalizeLongitude(longitude)\n      elif r >= 270.0:\n        return r - 360, NormalizeLongitude(longitude)\n      else:\n        return 180 - r, NormalizeLongitude(longitude + 180.0)\n\n    assert 180.0 == NormalizeLongitude(180.0)\n    assert -180.0 == NormalizeLongitude(-180.0)\n    assert -179.0 == NormalizeLongitude(181.0)\n    assert (0.0, 0.0) == NormalizeLatLng(360.0, 0.0)\n    assert (0.0, 0.0) == NormalizeLatLng(-360.0, 0.0)\n    assert (85.0, 180.0) == NormalizeLatLng(95.0, 0.0)\n    assert (-85.0, -170.0) == NormalizeLatLng(-95.0, 10.0)\n    assert (90.0, 10.0) == NormalizeLatLng(90.0, 10.0)\n    assert (-90.0, -10.0) == NormalizeLatLng(-90.0, -10.0)\n    assert (0.0, -170.0) == NormalizeLatLng(-180.0, 10.0)\n    assert (0.0, -170.0) == NormalizeLatLng(180.0, 10.0)\n    assert (-90.0, 10.0) == NormalizeLatLng(270.0, 10.0)\n    assert (90.0, 10.0) == NormalizeLatLng(-270.0, 10.0)\n\nThe code in logs/storage/validator/logs_validator_traits.cc treats this type\nas if it were annotated as ST_LOCATION.",
      "properties": {
        "latitude": {
          "description": "The latitude in degrees. It must be in the range [-90.0, +90.0].",
          "format": "double",
          "type": "number"
        },
        "longitude": {
          "description": "The longitude in degrees. It must be in the range [-180.0, +180.0].",
          "format": "double",
          "type": "number"
        }
      },
      "type": "object"
    },
    "LookupRequest": {
      "description": "The request for Datastore.Lookup.",
      "properties": {
        "keys": {
          "description": "Keys of entities to look up.",
          "items": {
            "$ref": "#/definitions/Key"
          },
          "type": "array"
        },
        "readOptions": {
          "$ref": "#/definitions/ReadOptions",
          "description": "The options for this lookup request."
        }
      },
      "type": "object"
    },
    "LookupResponse": {
      "description": "The response for Datastore.Lookup.",
      "properties": {
        "deferred": {
          "description": "A list of keys that were not looked up due to resource constraints. The\norder of results in this field is undefined and has no relation to the\norder of the keys in the input.",
          "items": {
            "$ref": "#/definitions/Key"
          },
          "type": "array"
        },
        "found": {
          "description": "Entities found as `ResultType.FULL` entities. The order of results in this\nfield is undefined and has no relation to the order of the keys in the\ninput.",
          "items": {
            "$ref": "#/definitions/EntityResult"
          },
          "type": "array"
        },
        "missing": {
          "description": "Entities not found as `ResultType.KEY_ONLY` entities. The order of results\nin this field is undefined and has no relation to the order of the keys\nin the input.",
          "items": {
            "$ref": "#/definitions/EntityResult"
          },
          "type": "array"
        }
      },
      "type": "object"
    },
    "Mutation": {
      "description": "A mutation to apply to an entity.",
      "properties": {
        "baseVersion": {
          "description": "The version of the entity that this mutation is being applied to. If this\ndoes not match the current version on the server, the mutation conflicts.",
          "format": "int64",
          "type": "string"
        },
        "delete": {
          "$ref": "#/definitions/Key",
          "description": "The key of the entity to delete. The entity may or may not already exist.\nMust have a complete key path and must not be reserved/read-only."
        },
        "insert": {
          "$ref": "#/definitions/Entity",
          "description": "The entity to insert. The entity must not already exist.\nThe entity key's final path element may be incomplete."
        },
        "update": {
          "$ref": "#/definitions/Entity",
          "description": "The entity to update. The entity must already exist.\nMust have a complete key path."
        },
        "upsert": {
          "$ref": "#/definitions/Entity",
          "description": "The entity to upsert. The entity may or may not already exist.\nThe entity key's final path element may be incomplete."
        }
      },
      "type": "object"
    },
    "MutationResult": {
      "description": "The result of applying a mutation.",
      "properties": {
        "conflictDetected": {
          "description": "Whether a conflict was detected for this mutation. Always false when a\nconflict detection strategy field is not set in the mutation.",
          "type": "boolean"
        },
        "key": {
          "$ref": "#/definitions/Key",
          "description": "The automatically allocated key.\nSet only when the mutation allocated a key."
        },
        "version": {
          "description": "The version of the entity on the server after processing the mutation. If\nthe mutation doesn't change anything on the server, then the version will\nbe the version of the current entity or, if no entity is present, a version\nthat is strictly greater than the version of any previous entity and less\nthan the version of any possible future entity.",
          "format": "int64",
          "type": "string"
        }
      },
      "type": "object"
    },
    "PartitionId": {
      "description": "A partition ID identifies a grouping of entities. The grouping is always\nby project and namespace, however the namespace ID may be empty.\n\nA partition ID contains several dimensions:\nproject ID and namespace ID.\n\nPartition dimensions:\n\n- May be `\"\"`.\n- Must be valid UTF-8 bytes.\n- Must have values that match regex `[A-Za-z\\d\\.\\-_]{1,100}`\nIf the value of any dimension matches regex `__.*__`, the partition is\nreserved/read-only.\nA reserved/read-only partition ID is forbidden in certain documented\ncontexts.\n\nForeign partition IDs (in which the project ID does\nnot match the context project ID ) are discouraged.\nReads and writes of foreign partition IDs may fail if the project is not in an active state.",
      "properties": {
        "namespaceId": {
          "description": "If not empty, the ID of the namespace to which the entities belong.",
          "type": "string"
        },
        "projectId": {
          "description": "The ID of the project to which the entities belong.",
          "type": "string"
        }
      },
      "type": "object"
    },
    "PathElement": {
      "description": "A (kind, ID/name) pair used to construct a key path.\n\nIf either name or ID is set, the element is complete.\nIf neither is set, the element is incomplete.",
      "properties": {
        "id": {
          "description": "The auto-allocated ID of the entity.\nNever equal to zero. Values less than zero are discouraged and may not\nbe supported in the future.",
          "format": "int64",
          "type": "string"
        },
        "kind": {
          "description": "The kind of the entity.\nA kind matching regex `__.*__` is reserved/read-only.\nA kind must not contain more than 1500 bytes when UTF-8 encoded.\nCannot be `\"\"`.",
          "type": "string"
        },
        "name": {
          "description": "The name of the entity.\nA name matching regex `__.*__` is reserved/read-only.\nA name must not be more than 1500 bytes when UTF-8 encoded.\nCannot be `\"\"`.",
          "type": "string"
        }
      },
      "type": "object"
    },
    "Projection": {
      "description": "A representation of a property in a projection.",
      "properties": {
        "property": {
          "$ref": "#/definitions/PropertyReference",
          "description": "The property to project."
        }
      },
      "type": "object"
    },
    "PropertyFilter": {
      "description": "A filter on a specific property.",
      "properties": {
        "op": {
          "description": "The operator to filter by.",
          "enum": [
            "OPERATOR_UNSPECIFIED",
            "LESS_THAN",
            "LESS_THAN_OR_EQUAL",
            "GREATER_THAN",
            "GREATER_THAN_OR_EQUAL",
            "EQUAL",
            "HAS_ANCESTOR"
          ],
          "type": "string"
        },
        "property": {
          "$ref": "#/definitions/PropertyReference",
          "description": "The property to filter by."
        },
        "value": {
          "$ref": "#/definitions/Value",
          "description": "The value to compare the property to."
        }
      },
      "type": "object"
    },
    "PropertyOrder": {
      "description": "The desired order for a specific property.",
      "properties": {
        "direction": {
          "description": "The direction to order by. Defaults to `ASCENDING`.",
          "enum": [
            "DIRECTION_UNSPECIFIED",
            "ASCENDING",
            "DESCENDING"
          ],
          "type": "string"
        },
        "property": {
          "$ref": "#/definitions/PropertyReference",
          "description": "The property to order by."
        }
      },
      "type": "object"
    },
    "PropertyReference": {
      "description": "A reference to a property relative to the kind expressions.",
      "properties": {
        "name": {
          "description": "The name of the property.\nIf name includes \".\"s, it may be interpreted as a property name path.",
          "type": "string"
        }
      },
      "type": "object"
    },
    "Query": {
      "description": "A query for entities.",
      "properties": {
        "distinctOn": {
          "description": "The properties to make distinct. The query results will contain the first\nresult for each distinct combination of values for the given properties\n(if empty, all results are returned).",
          "items": {
            "$ref": "#/definitions/PropertyReference"
          },
          "type": "array"
        },
        "endCursor": {
          "description": "An ending point for the query results. Query cursors are\nreturned in query result batches and\n[can only be used to limit the same query](https://cloud.google.com/datastore/docs/concepts/queries#cursors_limits_and_offsets).",
          "format": "byte",
          "type": "string"
        },
        "filter": {
          "$ref": "#/definitions/Filter",
          "description": "The filter to apply."
        },
        "kind": {
          "description": "The kinds to query (if empty, returns entities of all kinds).\nCurrently at most 1 kind may be specified.",
          "items": {
            "$ref": "#/definitions/KindExpression"
          },
          "type": "array"
        },
        "limit": {
          "description": "The maximum number of results to return. Applies after all other\nconstraints. Optional.\nUnspecified is interpreted as no limit.\nMust be >= 0 if specified.",
          "format": "int32",
          "type": "integer"
        },
        "offset": {
          "description": "The number of results to skip. Applies before limit, but after all other\nconstraints. Optional. Must be >= 0 if specified.",
          "format": "int32",
          "type": "integer"
        },
        "order": {
          "description": "The order to apply to the query results (if empty, order is unspecified).",
          "items": {
            "$ref": "#/definitions/PropertyOrder"
          },
          "type": "array"
        },
        "projection": {
          "description": "The projection to return. Defaults to returning all properties.",
          "items": {
            "$ref": "#/definitions/Projection"
          },
          "type": "array"
        },
        "startCursor": {
          "description": "A starting point for the query results. Query cursors are\nreturned in query result batches and\n[can only be used to continue the same query](https://cloud.google.com/datastore/docs/concepts/queries#cursors_limits_and_offsets).",
          "format": "byte",
          "type": "string"
        }
      },
      "type": "object"
    },
    "QueryResultBatch": {
      "description": "A batch of results produced by a query.",
      "properties": {
        "endCursor": {
          "description": "A cursor that points to the position after the last result in the batch.",
          "format": "byte",
          "type": "string"
        },
        "entityResultType": {
          "description": "The result type for every entity in `entity_results`.",
          "enum": [
            "RESULT_TYPE_UNSPECIFIED",
            "FULL",
            "PROJECTION",
            "KEY_ONLY"
          ],
          "type": "string"
        },
        "entityResults": {
          "description": "The results for this batch.",
          "items": {
            "$ref": "#/definitions/EntityResult"
          },
          "type": "array"
        },
        "moreResults": {
          "description": "The state of the query after the current batch.",
          "enum": [
            "MORE_RESULTS_TYPE_UNSPECIFIED",
            "NOT_FINISHED",
            "MORE_RESULTS_AFTER_LIMIT",
            "MORE_RESULTS_AFTER_CURSOR",
            "NO_MORE_RESULTS"
          ],
          "type": "string"
        },
        "skippedCursor": {
          "description": "A cursor that points to the position after the last skipped result.\nWill be set when `skipped_results` != 0.",
          "format": "byte",
          "type": "string"
        },
        "skippedResults": {
          "description": "The number of results skipped, typically because of an offset.",
          "format": "int32",
          "type": "integer"
        },
        "snapshotVersion": {
          "description": "The version number of the snapshot this batch was returned from.\nThis applies to the range of results from the query's `start_cursor` (or\nthe beginning of the query if no cursor was given) to this batch's\n`end_cursor` (not the query's `end_cursor`).\n\nIn a single transaction, subsequent query result batches for the same query\ncan have a greater snapshot version number. Each batch's snapshot version\nis valid for all preceding batches.\nThe value will be zero for eventually consistent queries.",
          "format": "int64",
          "type": "string"
        }
      },
      "type": "object"
    },
    "ReadOptions": {
      "description": "The options shared by read requests.",
      "properties": {
        "readConsistency": {
          "description": "The non-transactional read consistency to use.\nCannot be set to `STRONG` for global queries.",
          "enum": [
            "READ_CONSISTENCY_UNSPECIFIED",
            "STRONG",
            "EVENTUAL"
          ],
          "type": "string"
        },
        "transaction": {
          "description": "The identifier of the transaction in which to read. A\ntransaction identifier is returned by a call to\nDatastore.BeginTransaction.",
          "format": "byte",
          "type": "string"
        }
      },
      "type": "object"
    },
    "RollbackRequest": {
      "description": "The request for Datastore.Rollback.",
      "properties": {
        "transaction": {
          "description": "The transaction identifier, returned by a call to\nDatastore.BeginTransaction.",
          "format": "byte",
          "type": "string"
        }
      },
      "type": "object"
    },
    "RollbackResponse": {
      "description": "The response for Datastore.Rollback.\n(an empty message).",
      "properties": {},
      "type": "object"
    },
    "RunQueryRequest": {
      "description": "The request for Datastore.RunQuery.",
      "properties": {
        "gqlQuery": {
          "$ref": "#/definitions/GqlQuery",
          "description": "The GQL query to run."
        },
        "partitionId": {
          "$ref": "#/definitions/PartitionId",
          "description": "Entities are partitioned into subsets, identified by a partition ID.\nQueries are scoped to a single partition.\nThis partition ID is normalized with the standard default context\npartition ID."
        },
        "query": {
          "$ref": "#/definitions/Query",
          "description": "The query to run."
        },
        "readOptions": {
          "$ref": "#/definitions/ReadOptions",
          "description": "The options for this query."
        }
      },
      "type": "object"
    },
    "RunQueryResponse": {
      "description": "The response for Datastore.RunQuery.",
      "properties": {
        "batch": {
          "$ref": "#/definitions/QueryResultBatch",
          "description": "A batch of query results (always present)."
        },
        "query": {
          "$ref": "#/definitions/Query",
          "description": "The parsed form of the `GqlQuery` from the request, if it was set."
        }
      },
      "type": "object"
    },
    "Value": {
      "description": "A message that can hold any of the supported value types and associated\nmetadata.",
      "properties": {
        "arrayValue": {
          "$ref": "#/definitions/ArrayValue",
          "description": "An array value.\nCannot contain another array value.\nA `Value` instance that sets field `array_value` must not set fields\n`meaning` or `exclude_from_indexes`."
        },
        "blobValue": {
          "description": "A blob value.\nMay have at most 1,000,000 bytes.\nWhen `exclude_from_indexes` is false, may have at most 1500 bytes.\nIn JSON requests, must be base64-encoded.",
          "format": "byte",
          "type": "string"
        },
        "booleanValue": {
          "description": "A boolean value.",
          "type": "boolean"
        },
        "doubleValue": {
          "description": "A double value.",
          "format": "double",
          "type": "number"
        },
        "entityValue": {
          "$ref": "#/definitions/Entity",
          "description": "An entity value.\n\n- May have no key.\n- May have a key with an incomplete key path.\n- May have a reserved/read-only key."
        },
        "excludeFromIndexes": {
          "description": "If the value should be excluded from all indexes including those defined\nexplicitly.",
          "type": "boolean"
        },
        "geoPointValue": {
          "$ref": "#/definitions/LatLng",
          "description": "A geo point value representing a point on the surface of Earth."
        },
        "integerValue": {
          "description": "An integer value.",
          "format": "int64",
          "type": "string"
        },
        "keyValue": {
          "$ref": "#/definitions/Key",
          "description": "A key value."
        },
        "meaning": {
          "description": "The `meaning` field should only be populated for backwards compatibility.",
          "format": "int32",
          "type": "integer"
        },
        "nullValue": {
          "description": "A null value.",
          "enum": [
            "NULL_VALUE"
          ],
          "type": "string"
        },
        "stringValue": {
          "description": "A UTF-8 encoded string value.\nWhen `exclude_from_indexes` is false (it is indexed) , may have at most 1500 bytes.\nOtherwise, may be set to at least 1,000,000 bytes.",
          "type": "string"
        },
        "timestampValue": {
          "description": "A timestamp value.\nWhen stored in the Datastore, precise only to microseconds;\nany additional precision is rounded down.",
          "format": "google-datetime",
          "type": "string"
        }
      },
      "type": "object"
    }
  }
}
