{
  "swagger": "2.0",
  "schemes": [
    "https"
  ],
  "host": "manufacturers.googleapis.com",
  "basePath": "/",
  "info": {
    "contact": {
      "name": "Google",
      "url": "https://google.com"
    },
    "description": "Public API for managing Manufacturer Center related data.",
    "license": {
      "name": "Creative Commons Attribution 3.0",
      "url": "http://creativecommons.org/licenses/by/3.0/"
    },
    "termsOfService": "https://developers.google.com/terms/",
    "title": "Manufacturer Center",
    "version": "v1",
    "x-apiClientRegistration": {
      "url": "https://console.developers.google.com"
    },
    "x-logo": {
      "url": "https://api.apis.guru/v2/cache/logo/https_www.google.com_images_branding_googlelogo_2x_googlelogo_color_272x92dp.png"
    },
    "x-origin": [
      {
        "converter": {
          "url": "https://github.com/lucybot/api-spec-converter",
          "version": "2.0.1"
        },
        "format": "google",
        "url": "https://manufacturers.googleapis.com/$discovery/rest?version=v1",
        "version": "v1"
      }
    ],
    "x-preferred": true,
    "x-providerName": "googleapis.com",
    "x-serviceName": "manufacturers"
  },
  "externalDocs": {
    "url": "https://developers.google.com/manufacturers/"
  },
  "securityDefinitions": {
    "Oauth2": {
      "authorizationUrl": "https://accounts.google.com/o/oauth2/auth",
      "description": "Oauth 2.0 implicit authentication",
      "flow": "implicit",
      "scopes": {
        "https://www.googleapis.com/auth/manufacturercenter": "Manage your product listings for Google Manufacturer Center"
      },
      "type": "oauth2"
    },
    "Oauth2c": {
      "authorizationUrl": "https://accounts.google.com/o/oauth2/auth",
      "description": "Oauth 2.0 accessCode authentication",
      "flow": "accessCode",
      "scopes": {
        "https://www.googleapis.com/auth/manufacturercenter": "Manage your product listings for Google Manufacturer Center"
      },
      "tokenUrl": "https://accounts.google.com/o/oauth2/token",
      "type": "oauth2"
    }
  },
  "parameters": {
    "$.xgafv": {
      "description": "V1 error format.",
      "enum": [
        "1",
        "2"
      ],
      "in": "query",
      "name": "$.xgafv",
      "type": "string"
    },
    "access_token": {
      "description": "OAuth access token.",
      "in": "query",
      "name": "access_token",
      "type": "string"
    },
    "alt": {
      "default": "json",
      "description": "Data format for response.",
      "enum": [
        "json",
        "media",
        "proto"
      ],
      "in": "query",
      "name": "alt",
      "type": "string"
    },
    "bearer_token": {
      "description": "OAuth bearer token.",
      "in": "query",
      "name": "bearer_token",
      "type": "string"
    },
    "callback": {
      "description": "JSONP",
      "in": "query",
      "name": "callback",
      "type": "string"
    },
    "fields": {
      "description": "Selector specifying which fields to include in a partial response.",
      "in": "query",
      "name": "fields",
      "type": "string"
    },
    "key": {
      "description": "API key. Your API key identifies your project and provides you with API access, quota, and reports. Required unless you provide an OAuth 2.0 token.",
      "in": "query",
      "name": "key",
      "type": "string"
    },
    "oauth_token": {
      "description": "OAuth 2.0 token for the current user.",
      "in": "query",
      "name": "oauth_token",
      "type": "string"
    },
    "pp": {
      "default": true,
      "description": "Pretty-print response.",
      "in": "query",
      "name": "pp",
      "type": "boolean"
    },
    "prettyPrint": {
      "default": true,
      "description": "Returns response with indentations and line breaks.",
      "in": "query",
      "name": "prettyPrint",
      "type": "boolean"
    },
    "quotaUser": {
      "description": "Available to use for quota purposes for server-side applications. Can be any arbitrary string assigned to a user, but should not exceed 40 characters.",
      "in": "query",
      "name": "quotaUser",
      "type": "string"
    },
    "uploadType": {
      "description": "Legacy upload protocol for media (e.g. \"media\", \"multipart\").",
      "in": "query",
      "name": "uploadType",
      "type": "string"
    },
    "upload_protocol": {
      "description": "Upload protocol for media (e.g. \"raw\", \"multipart\").",
      "in": "query",
      "name": "upload_protocol",
      "type": "string"
    }
  },
  "tags": [
    {
      "name": "accounts"
    }
  ],
  "paths": {
    "/v1/{parent}/products": {
      "get": {
        "description": "Lists all the products in a Manufacturer Center account.",
        "operationId": "manufacturers.accounts.products.list",
        "parameters": [
          {
            "description": "Parent ID in the format `accounts/{account_id}`.\n\n`account_id` - The ID of the Manufacturer Center account.",
            "in": "path",
            "name": "parent",
            "required": true,
            "type": "string",
            "x-reservedExpansion": true
          },
          {
            "description": "The token returned by the previous request.",
            "in": "query",
            "name": "pageToken",
            "type": "string"
          },
          {
            "description": "Maximum number of product statuses to return in the response, used for\npaging.",
            "in": "query",
            "name": "pageSize",
            "type": "integer"
          }
        ],
        "responses": {
          "200": {
            "description": "Successful response",
            "schema": {
              "$ref": "#/definitions/ListProductsResponse"
            }
          }
        },
        "security": [
          {
            "Oauth2": [
              "https://www.googleapis.com/auth/manufacturercenter"
            ],
            "Oauth2c": [
              "https://www.googleapis.com/auth/manufacturercenter"
            ]
          }
        ],
        "tags": [
          "accounts"
        ]
      },
      "parameters": [
        {
          "$ref": "#/parameters/upload_protocol"
        },
        {
          "$ref": "#/parameters/prettyPrint"
        },
        {
          "$ref": "#/parameters/fields"
        },
        {
          "$ref": "#/parameters/uploadType"
        },
        {
          "$ref": "#/parameters/callback"
        },
        {
          "$ref": "#/parameters/$.xgafv"
        },
        {
          "$ref": "#/parameters/alt"
        },
        {
          "$ref": "#/parameters/key"
        },
        {
          "$ref": "#/parameters/access_token"
        },
        {
          "$ref": "#/parameters/quotaUser"
        },
        {
          "$ref": "#/parameters/pp"
        },
        {
          "$ref": "#/parameters/bearer_token"
        },
        {
          "$ref": "#/parameters/oauth_token"
        }
      ]
    },
    "/v1/{parent}/products/{name}": {
      "get": {
        "description": "Gets the product from a Manufacturer Center account, including product\nissues.",
        "operationId": "manufacturers.accounts.products.get",
        "parameters": [
          {
            "description": "Parent ID in the format `accounts/{account_id}`.\n\n`account_id` - The ID of the Manufacturer Center account.",
            "in": "path",
            "name": "parent",
            "required": true,
            "type": "string",
            "x-reservedExpansion": true
          },
          {
            "description": "Name in the format `{target_country}:{content_language}:{product_id}`.\n\n`target_country`   - The target country of the product as a CLDR territory\n                     code (for example, US).\n\n`content_language` - The content language of the product as a two-letter\n                     ISO 639-1 language code (for example, en).\n\n`product_id`     -   The ID of the product. For more information, see\n                     https://support.google.com/manufacturers/answer/6124116#id.",
            "in": "path",
            "name": "name",
            "required": true,
            "type": "string",
            "x-reservedExpansion": true
          }
        ],
        "responses": {
          "200": {
            "description": "Successful response",
            "schema": {
              "$ref": "#/definitions/Product"
            }
          }
        },
        "security": [
          {
            "Oauth2": [
              "https://www.googleapis.com/auth/manufacturercenter"
            ],
            "Oauth2c": [
              "https://www.googleapis.com/auth/manufacturercenter"
            ]
          }
        ],
        "tags": [
          "accounts"
        ]
      },
      "parameters": [
        {
          "$ref": "#/parameters/upload_protocol"
        },
        {
          "$ref": "#/parameters/prettyPrint"
        },
        {
          "$ref": "#/parameters/fields"
        },
        {
          "$ref": "#/parameters/uploadType"
        },
        {
          "$ref": "#/parameters/callback"
        },
        {
          "$ref": "#/parameters/$.xgafv"
        },
        {
          "$ref": "#/parameters/alt"
        },
        {
          "$ref": "#/parameters/key"
        },
        {
          "$ref": "#/parameters/access_token"
        },
        {
          "$ref": "#/parameters/quotaUser"
        },
        {
          "$ref": "#/parameters/pp"
        },
        {
          "$ref": "#/parameters/bearer_token"
        },
        {
          "$ref": "#/parameters/oauth_token"
        }
      ]
    }
  },
  "definitions": {
    "Attributes": {
      "description": "Attributes of the product. For more information, see\nhttps://support.google.com/manufacturers/answer/6124116.",
      "properties": {
        "additionalImageLink": {
          "description": "The additional images of the product. For more information, see\nhttps://support.google.com/manufacturers/answer/6124116#addlimage.",
          "items": {
            "$ref": "#/definitions/Image"
          },
          "type": "array"
        },
        "ageGroup": {
          "description": "The target age group of the product. For more information, see\nhttps://support.google.com/manufacturers/answer/6124116#agegroup.",
          "type": "string"
        },
        "brand": {
          "description": "The brand name of the product. For more information, see\nhttps://support.google.com/manufacturers/answer/6124116#brand.",
          "type": "string"
        },
        "capacity": {
          "$ref": "#/definitions/Capacity",
          "description": "The capacity of the product. For more information, see\nhttps://support.google.com/manufacturers/answer/6124116#capacity."
        },
        "color": {
          "description": "The color of the product. For more information, see\nhttps://support.google.com/manufacturers/answer/6124116#color.",
          "type": "string"
        },
        "count": {
          "$ref": "#/definitions/Count",
          "description": "The count of the product. For more information, see\nhttps://support.google.com/manufacturers/answer/6124116#count."
        },
        "description": {
          "description": "The description of the product. For more information, see\nhttps://support.google.com/manufacturers/answer/6124116#description.",
          "type": "string"
        },
        "disclosureDate": {
          "description": "The disclosure date of the product. For more information, see\nhttps://support.google.com/manufacturers/answer/6124116#disclosure.",
          "type": "string"
        },
        "featureDescription": {
          "description": "The rich format description of the product. For more information, see\nhttps://support.google.com/manufacturers/answer/6124116#featuredesc.",
          "items": {
            "$ref": "#/definitions/FeatureDescription"
          },
          "type": "array"
        },
        "flavor": {
          "description": "The flavor of the product. For more information, see\nhttps://support.google.com/manufacturers/answer/6124116#flavor.",
          "type": "string"
        },
        "format": {
          "description": "The format of the product. For more information, see\nhttps://support.google.com/manufacturers/answer/6124116#format.",
          "type": "string"
        },
        "gender": {
          "description": "The target gender of the product. For more information, see\nhttps://support.google.com/manufacturers/answer/6124116#gender.",
          "type": "string"
        },
        "gtin": {
          "description": "The Global Trade Item Number (GTIN) of the product. For more information,\nsee https://support.google.com/manufacturers/answer/6124116#gtin.",
          "items": {
            "type": "string"
          },
          "type": "array"
        },
        "imageLink": {
          "$ref": "#/definitions/Image",
          "description": "The image of the product. For more information, see\nhttps://support.google.com/manufacturers/answer/6124116#image."
        },
        "itemGroupId": {
          "description": "The item group id of the product. For more information, see\nhttps://support.google.com/manufacturers/answer/6124116#itemgroupid.",
          "type": "string"
        },
        "material": {
          "description": "The material of the product. For more information, see\nhttps://support.google.com/manufacturers/answer/6124116#material.",
          "type": "string"
        },
        "mpn": {
          "description": "The Manufacturer Part Number (MPN) of the product. For more information,\nsee https://support.google.com/manufacturers/answer/6124116#mpn.",
          "type": "string"
        },
        "pattern": {
          "description": "The pattern of the product. For more information, see\nhttps://support.google.com/manufacturers/answer/6124116#pattern.",
          "type": "string"
        },
        "productDetail": {
          "description": "The details of the product. For more information, see\nhttps://support.google.com/manufacturers/answer/6124116#productdetail.",
          "items": {
            "$ref": "#/definitions/ProductDetail"
          },
          "type": "array"
        },
        "productLine": {
          "description": "The name of the group of products related to the product. For more\ninformation, see\nhttps://support.google.com/manufacturers/answer/6124116#productline.",
          "type": "string"
        },
        "productName": {
          "description": "The canonical name of the product. For more information, see\nhttps://support.google.com/manufacturers/answer/6124116#productname.",
          "type": "string"
        },
        "productPageUrl": {
          "description": "The URL of the detail page of the product. For more information, see\nhttps://support.google.com/manufacturers/answer/6124116#productpage.",
          "type": "string"
        },
        "productType": {
          "description": "The category of the product. For more information, see\nhttps://support.google.com/manufacturers/answer/6124116#producttype.",
          "items": {
            "type": "string"
          },
          "type": "array"
        },
        "releaseDate": {
          "description": "The release date of the product. For more information, see\nhttps://support.google.com/manufacturers/answer/6124116#release.",
          "type": "string"
        },
        "scent": {
          "description": "The scent of the product. For more information, see\n https://support.google.com/manufacturers/answer/6124116#scent.",
          "type": "string"
        },
        "size": {
          "description": "The size of the product. For more information, see\nhttps://support.google.com/manufacturers/answer/6124116#size.",
          "type": "string"
        },
        "sizeSystem": {
          "description": "The size system of the product. For more information, see\nhttps://support.google.com/manufacturers/answer/6124116#sizesystem.",
          "type": "string"
        },
        "sizeType": {
          "description": "The size type of the product. For more information, see\nhttps://support.google.com/manufacturers/answer/6124116#sizetype.",
          "type": "string"
        },
        "suggestedRetailPrice": {
          "$ref": "#/definitions/Price",
          "description": "The suggested retail price (MSRP) of the product. For more information,\nsee https://support.google.com/manufacturers/answer/6124116#price."
        },
        "theme": {
          "description": "The theme of the product. For more information, see\nhttps://support.google.com/manufacturers/answer/6124116#theme.",
          "type": "string"
        },
        "title": {
          "description": "The title of the product. For more information, see\nhttps://support.google.com/manufacturers/answer/6124116#title.",
          "type": "string"
        },
        "videoLink": {
          "description": "The videos of the product. For more information, see\nhttps://support.google.com/manufacturers/answer/6124116#video.",
          "items": {
            "type": "string"
          },
          "type": "array"
        }
      },
      "type": "object"
    },
    "Capacity": {
      "description": "The capacity of a product. For more information, see\nhttps://support.google.com/manufacturers/answer/6124116#capacity.",
      "properties": {
        "unit": {
          "description": "The unit of the capacity, i.e., MB, GB, or TB.",
          "type": "string"
        },
        "value": {
          "description": "The numeric value of the capacity.",
          "format": "int64",
          "type": "string"
        }
      },
      "type": "object"
    },
    "Count": {
      "description": "The number of products in a single package. For more information, see\nhttps://support.google.com/manufacturers/answer/6124116#count.",
      "properties": {
        "unit": {
          "description": "The unit in which these products are counted.",
          "type": "string"
        },
        "value": {
          "description": "The numeric value of the number of products in a package.",
          "format": "int64",
          "type": "string"
        }
      },
      "type": "object"
    },
    "FeatureDescription": {
      "description": "A feature description of the product. For more information, see\nhttps://support.google.com/manufacturers/answer/6124116#featuredesc.",
      "properties": {
        "headline": {
          "description": "A short description of the feature.",
          "type": "string"
        },
        "image": {
          "$ref": "#/definitions/Image",
          "description": "An optional image describing the feature."
        },
        "text": {
          "description": "A detailed description of the feature.",
          "type": "string"
        }
      },
      "type": "object"
    },
    "Image": {
      "description": "An image.",
      "properties": {
        "imageUrl": {
          "description": "The URL of the image. For crawled images, this is the provided URL. For\nuploaded images, this is a serving URL from Google if the image has been\nprocessed successfully.",
          "type": "string"
        },
        "status": {
          "description": "The status of the image.\n@OutputOnly",
          "enum": [
            "STATUS_UNSPECIFIED",
            "PENDING_PROCESSING",
            "PENDING_CRAWL",
            "OK",
            "ROBOTED",
            "XROBOTED",
            "CRAWL_ERROR",
            "PROCESSING_ERROR",
            "DECODING_ERROR",
            "TOO_BIG",
            "CRAWL_SKIPPED"
          ],
          "type": "string"
        },
        "type": {
          "description": "The type of the image, i.e., crawled or uploaded.\n@OutputOnly",
          "enum": [
            "TYPE_UNSPECIFIED",
            "CRAWLED",
            "UPLOADED"
          ],
          "type": "string"
        }
      },
      "type": "object"
    },
    "Issue": {
      "description": "Product issue.",
      "properties": {
        "attribute": {
          "description": "If present, the attribute that triggered the issue. For more information\nabout attributes, see\nhttps://support.google.com/manufacturers/answer/6124116.",
          "type": "string"
        },
        "description": {
          "description": "Description of the issue.",
          "type": "string"
        },
        "severity": {
          "description": "The severity of the issue.",
          "enum": [
            "SEVERITY_UNSPECIFIED",
            "ERROR",
            "WARNING",
            "INFO"
          ],
          "type": "string"
        },
        "timestamp": {
          "description": "The timestamp when this issue appeared.",
          "format": "google-datetime",
          "type": "string"
        },
        "type": {
          "description": "The server-generated type of the issue, for example,\n“INCORRECT_TEXT_FORMATTING”, “IMAGE_NOT_SERVEABLE”, etc.",
          "type": "string"
        }
      },
      "type": "object"
    },
    "ListProductsResponse": {
      "properties": {
        "nextPageToken": {
          "description": "The token for the retrieval of the next page of product statuses.",
          "type": "string"
        },
        "products": {
          "description": "List of the products.",
          "items": {
            "$ref": "#/definitions/Product"
          },
          "type": "array"
        }
      },
      "type": "object"
    },
    "Price": {
      "description": "A price.",
      "properties": {
        "amount": {
          "description": "The numeric value of the price.",
          "type": "string"
        },
        "currency": {
          "description": "The currency in which the price is denoted.",
          "type": "string"
        }
      },
      "type": "object"
    },
    "Product": {
      "description": "Product data.",
      "properties": {
        "contentLanguage": {
          "description": "The content language of the product as a two-letter ISO 639-1 language code\n(for example, en).\n@OutputOnly",
          "type": "string"
        },
        "finalAttributes": {
          "$ref": "#/definitions/Attributes",
          "description": "Final attributes of the product. The final attributes are obtained by\noverriding the uploaded attributes with the manually provided and deleted\nattributes. Google systems only process, evaluate, review, and/or use final\nattributes.\n@OutputOnly"
        },
        "issues": {
          "description": "A server-generated list of issues associated with the product.\n@OutputOnly",
          "items": {
            "$ref": "#/definitions/Issue"
          },
          "type": "array"
        },
        "manuallyDeletedAttributes": {
          "description": "Names of the attributes of the product deleted manually via the\nManufacturer Center UI.\n@OutputOnly",
          "items": {
            "type": "string"
          },
          "type": "array"
        },
        "manuallyProvidedAttributes": {
          "$ref": "#/definitions/Attributes",
          "description": "Attributes of the product provided manually via the Manufacturer Center UI.\n@OutputOnly"
        },
        "name": {
          "description": "Name in the format `{target_country}:{content_language}:{product_id}`.\n\n`target_country`   - The target country of the product as a CLDR territory\n                     code (for example, US).\n\n`content_language` - The content language of the product as a two-letter\n                     ISO 639-1 language code (for example, en).\n\n`product_id`     -   The ID of the product. For more information, see\n                     https://support.google.com/manufacturers/answer/6124116#id.\n@OutputOnly",
          "type": "string"
        },
        "parent": {
          "description": "Parent ID in the format `accounts/{account_id}`.\n\n`account_id` - The ID of the Manufacturer Center account.\n@OutputOnly",
          "type": "string"
        },
        "productId": {
          "description": "The ID of the product. For more information, see\nhttps://support.google.com/manufacturers/answer/6124116#id.\n@OutputOnly",
          "type": "string"
        },
        "targetCountry": {
          "description": "The target country of the product as a CLDR territory code (for example,\nUS).\n@OutputOnly",
          "type": "string"
        },
        "uploadedAttributes": {
          "$ref": "#/definitions/Attributes",
          "description": "Attributes of the product uploaded via the Manufacturer Center API or via\nfeeds."
        }
      },
      "type": "object"
    },
    "ProductDetail": {
      "description": "A product detail of the product. For more information, see\nhttps://support.google.com/manufacturers/answer/6124116#productdetail.",
      "properties": {
        "attributeName": {
          "description": "The name of the attribute.",
          "type": "string"
        },
        "attributeValue": {
          "description": "The value of the attribute.",
          "type": "string"
        },
        "sectionName": {
          "description": "A short section name that can be reused between multiple product details.",
          "type": "string"
        }
      },
      "type": "object"
    }
  }
}
